pitch_id,pa_id,game_id,inning,half,offense_team,batter,pitcher,pitch_number_in_pa,balls_before,strikes_before,pitch_result,is_first_pitch,is_two_strike_pitch,is_swing,is_whiff,is_contact
1,1,2025_TESTGAME_FOR_2026,1,Top,East Wake Academy Varsity Eagles,D Benton,,1,0,0,ball,1,0,0,0,0
2,1,2025_TESTGAME_FOR_2026,1,Top,East Wake Academy Varsity Eagles,D Benton,,2,1,0,foul,0,0,1,0,1
3,1,2025_TESTGAME_FOR_2026,1,Top,East Wake Academy Varsity Eagles,D Benton,,3,1,1,swinging_strike,0,0,1,1,0
4,1,2025_TESTGAME_FOR_2026,1,Top,East Wake Academy Varsity Eagles,D Benton,,4,1,2,ball,0,1,0,0,0
5,1,2025_TESTGAME_FOR_2026,1,Top,East Wake Academy Varsity Eagles,D Benton,,5,2,2,swinging_strike,0,1,1,1,0
6,2,2025_TESTGAME_FOR_2026,1,Top,East Wake Academy Varsity Eagles,,,1,0,0,ball,1,0,0,0,0
7,2,2025_TESTGAME_FOR_2026,1,Top,East Wake Academy Varsity Eagles,,,2,1,0,in_play,0,0,1,0,1
8,3,2025_TESTGAME_FOR_2026,1,Top,East Wake Academy Varsity Eagles,D Palmer,,1,0,0,ball,1,0,0,0,0
9,3,2025_TESTGAME_FOR_2026,1,Top,East Wake Academy Varsity Eagles,D Palmer,,2,1,0,foul,0,0,1,0,1
10,3,2025_TESTGAME_FOR_2026,1,Top,East Wake Academy Varsity Eagles,D Palmer,,3,1,1,foul,0,0,1,0,1
11,3,2025_TESTGAME_FOR_2026,1,Top,East Wake Academy Varsity Eagles,D Palmer,,4,1,2,ball,0,1,0,0,0
12,3,2025_TESTGAME_FOR_2026,1,Top,East Wake Academy Varsity Eagles,D Palmer,,5,2,2,called_strike,0,1,0,0,0
40,11,2025_TESTGAME_FOR_2026,2,Top,East Wake Academy Varsity Eagles,R Johnston,L McDonald,1,0,0,ball,1,0,0,0,0
41,11,2025_TESTGAME_FOR_2026,2,Top,East Wake Academy Varsity Eagles,R Johnston,L McDonald,2,1,0,ball,0,0,0,0,0
42,11,2025_TESTGAME_FOR_2026,2,Top,East Wake Academy Varsity Eagles,R Johnston,L McDonald,3,2,0,called_strike,0,0,0,0,0
43,11,2025_TESTGAME_FOR_2026,2,Top,East Wake Academy Varsity Eagles,R Johnston,L McDonald,4,2,1,called_strike,0,0,0,0,0
44,11,2025_TESTGAME_FOR_2026,2,Top,East Wake Academy Varsity Eagles,R Johnston,L McDonald,5,2,2,foul_tip,0,1,1,0,1
45,11,2025_TESTGAME_FOR_2026,2,Top,East Wake Academy Varsity Eagles,R Johnston,L McDonald,6,2,2,foul_tip,0,1,1,0,1
46,12,2025_TESTGAME_FOR_2026,2,Top,East Wake Academy Varsity Eagles,J Fuentes,L McDonald,1,0,0,ball,1,0,0,0,0
47,12,2025_TESTGAME_FOR_2026,2,Top,East Wake Academy Varsity Eagles,J Fuentes,L McDonald,2,1,0,foul,0,0,1,0,1
48,12,2025_TESTGAME_FOR_2026,2,Top,East Wake Academy Varsity Eagles,J Fuentes,L McDonald,3,1,1,ball,0,0,0,0,0
49,12,2025_TESTGAME_FOR_2026,2,Top,East Wake Academy Varsity Eagles,J Fuentes,L McDonald,4,2,1,called_strike,0,0,0,0,0
50,12,2025_TESTGAME_FOR_2026,2,Top,East Wake Academy Varsity Eagles,J Fuentes,L McDonald,5,2,2,ball,0,1,0,0,0
51,12,2025_TESTGAME_FOR_2026,2,Top,East Wake Academy Varsity Eagles,J Fuentes,L McDonald,6,3,2,swinging_strike,0,1,1,1,0
52,13,2025_TESTGAME_FOR_2026,2,Top,East Wake Academy Varsity Eagles,L Collier,L McDonald,1,0,0,called_strike,1,0,0,0,0
53,13,2025_TESTGAME_FOR_2026,2,Top,East Wake Academy Varsity Eagles,L Collier,L McDonald,2,0,1,called_strike,0,0,0,0,0
54,13,2025_TESTGAME_FOR_2026,2,Top,East Wake Academy Varsity Eagles,L Collier,L McDonald,3,0,2,ball,0,1,0,0,0
55,13,2025_TESTGAME_FOR_2026,2,Top,East Wake Academy Varsity Eagles,L Collier,L McDonald,4,1,2,foul,0,1,1,0,1
56,13,2025_TESTGAME_FOR_2026,2,Top,East Wake Academy Varsity Eagles,L Collier,L McDonald,5,1,2,swinging_strike,0,1,1,1,0
73,18,2025_TESTGAME_FOR_2026,3,Top,East Wake Academy Varsity Eagles,A Gardner,L McDonald,1,0,0,called_strike,1,0,0,0,0
74,18,2025_TESTGAME_FOR_2026,3,Top,East Wake Academy Varsity Eagles,A Gardner,L McDonald,2,0,1,swinging_strike,0,0,1,1,0
75,18,2025_TESTGAME_FOR_2026,3,Top,East Wake Academy Varsity Eagles,A Gardner,L McDonald,3,0,2,ball,0,1,0,0,0
76,18,2025_TESTGAME_FOR_2026,3,Top,East Wake Academy Varsity Eagles,A Gardner,L McDonald,4,1,2,swinging_strike,0,1,1,1,0
77,19,2025_TESTGAME_FOR_2026,3,Top,East Wake Academy Varsity Eagles,M Brantley,L McDonald,1,0,0,called_strike,1,0,0,0,0
78,19,2025_TESTGAME_FOR_2026,3,Top,East Wake Academy Varsity Eagles,M Brantley,L McDonald,2,0,1,ball,0,0,0,0,0
79,19,2025_TESTGAME_FOR_2026,3,Top,East Wake Academy Varsity Eagles,M Brantley,L McDonald,3,1,1,ball,0,0,0,0,0
80,19,2025_TESTGAME_FOR_2026,3,Top,East Wake Academy Varsity Eagles,M Brantley,L McDonald,4,2,1,ball,0,0,0,0,0
81,19,2025_TESTGAME_FOR_2026,3,Top,East Wake Academy Varsity Eagles,M Brantley,L McDonald,5,3,1,ball,0,0,0,0,0
82,20,2025_TESTGAME_FOR_2026,3,Top,East Wake Academy Varsity Eagles,J Duffield,L McDonald,1,0,0,swinging_strike,1,0,1,1,0
83,20,2025_TESTGAME_FOR_2026,3,Top,East Wake Academy Varsity Eagles,J Duffield,L McDonald,2,0,1,called_strike,0,0,0,0,0
84,20,2025_TESTGAME_FOR_2026,3,Top,East Wake Academy Varsity Eagles,J Duffield,L McDonald,3,0,2,ball,0,1,0,0,0
85,20,2025_TESTGAME_FOR_2026,3,Top,East Wake Academy Varsity Eagles,J Duffield,L McDonald,4,1,2,ball,0,1,0,0,0
86,20,2025_TESTGAME_FOR_2026,3,Top,East Wake Academy Varsity Eagles,J Duffield,L McDonald,5,2,2,called_strike,0,1,0,0,0
87,21,2025_TESTGAME_FOR_2026,3,Top,East Wake Academy Varsity Eagles,,L McDonald,1,0,0,ball,1,0,0,0,0
88,21,2025_TESTGAME_FOR_2026,3,Top,East Wake Academy Varsity Eagles,,L McDonald,2,1,0,ball,0,0,0,0,0
89,21,2025_TESTGAME_FOR_2026,3,Top,East Wake Academy Varsity Eagles,,L McDonald,3,2,0,called_strike,0,0,0,0,0
90,21,2025_TESTGAME_FOR_2026,3,Top,East Wake Academy Varsity Eagles,,L McDonald,4,2,1,ball,0,0,0,0,0
91,21,2025_TESTGAME_FOR_2026,3,Top,East Wake Academy Varsity Eagles,,L McDonald,5,3,1,foul,0,0,1,0,1
92,21,2025_TESTGAME_FOR_2026,3,Top,East Wake Academy Varsity Eagles,,L McDonald,6,3,2,ball,0,1,0,0,0
93,22,2025_TESTGAME_FOR_2026,3,Top,East Wake Academy Varsity Eagles,,L McDonald,1,0,0,swinging_strike,1,0,1,1,0
94,22,2025_TESTGAME_FOR_2026,3,Top,East Wake Academy Varsity Eagles,,L McDonald,2,0,1,called_strike,0,0,0,0,0
95,22,2025_TESTGAME_FOR_2026,3,Top,East Wake Academy Varsity Eagles,,L McDonald,3,0,2,foul,0,1,1,0,1
96,22,2025_TESTGAME_FOR_2026,3,Top,East Wake Academy Varsity Eagles,,L McDonald,4,0,2,ball,0,1,0,0,0
139,31,2025_TESTGAME_FOR_2026,4,Top,East Wake Academy Varsity Eagles,J Driver,L McDonald,1,0,0,in_play,1,0,1,0,1
140,32,2025_TESTGAME_FOR_2026,4,Top,East Wake Academy Varsity Eagles,D Palmer,L McDonald,1,0,0,called_strike,1,0,0,0,0
141,32,2025_TESTGAME_FOR_2026,4,Top,East Wake Academy Varsity Eagles,D Palmer,L McDonald,2,0,1,ball,0,0,0,0,0
142,32,2025_TESTGAME_FOR_2026,4,Top,East Wake Academy Varsity Eagles,D Palmer,L McDonald,3,1,1,ball,0,0,0,0,0
143,32,2025_TESTGAME_FOR_2026,4,Top,East Wake Academy Varsity Eagles,D Palmer,L McDonald,4,2,1,in_play,0,0,1,0,1
144,32,2025_TESTGAME_FOR_2026,4,Top,East Wake Academy Varsity Eagles,D Palmer,L McDonald,5,2,1,ball,0,0,0,0,0
145,33,2025_TESTGAME_FOR_2026,4,Top,East Wake Academy Varsity Eagles,R Johnston,L McDonald,1,0,0,ball,1,0,0,0,0
146,33,2025_TESTGAME_FOR_2026,4,Top,East Wake Academy Varsity Eagles,R Johnston,L McDonald,2,1,0,called_strike,0,0,0,0,0
147,33,2025_TESTGAME_FOR_2026,4,Top,East Wake Academy Varsity Eagles,R Johnston,L McDonald,3,1,1,called_strike,0,0,0,0,0
148,33,2025_TESTGAME_FOR_2026,4,Top,East Wake Academy Varsity Eagles,R Johnston,L McDonald,4,1,2,in_play,0,1,1,0,1
149,33,2025_TESTGAME_FOR_2026,4,Top,East Wake Academy Varsity Eagles,R Johnston,L McDonald,5,1,2,ball,0,1,0,0,0
150,34,2025_TESTGAME_FOR_2026,4,Top,East Wake Academy Varsity Eagles,J Fuentes,L McDonald,1,0,0,swinging_strike,1,0,1,1,0
151,34,2025_TESTGAME_FOR_2026,4,Top,East Wake Academy Varsity Eagles,J Fuentes,L McDonald,2,0,1,foul,0,0,1,0,1
152,34,2025_TESTGAME_FOR_2026,4,Top,East Wake Academy Varsity Eagles,J Fuentes,L McDonald,3,0,2,ball,0,1,0,0,0
153,34,2025_TESTGAME_FOR_2026,4,Top,East Wake Academy Varsity Eagles,J Fuentes,L McDonald,4,1,2,in_play,0,1,1,0,1
154,34,2025_TESTGAME_FOR_2026,4,Top,East Wake Academy Varsity Eagles,J Fuentes,L McDonald,5,1,2,ball,0,1,0,0,0
155,35,2025_TESTGAME_FOR_2026,4,Top,East Wake Academy Varsity Eagles,,L McDonald,1,0,0,swinging_strike,1,0,1,1,0
156,35,2025_TESTGAME_FOR_2026,4,Top,East Wake Academy Varsity Eagles,,L McDonald,2,0,1,ball,0,0,0,0,0
157,35,2025_TESTGAME_FOR_2026,4,Top,East Wake Academy Varsity Eagles,,L McDonald,3,1,1,swinging_strike,0,0,1,1,0
158,35,2025_TESTGAME_FOR_2026,4,Top,East Wake Academy Varsity Eagles,,L McDonald,4,1,2,in_play,0,1,1,0,1
159,36,2025_TESTGAME_FOR_2026,4,Top,East Wake Academy Varsity Eagles,,L McDonald,1,0,0,foul,1,0,1,0,1
160,36,2025_TESTGAME_FOR_2026,4,Top,East Wake Academy Varsity Eagles,,L McDonald,2,0,1,called_strike,0,0,0,0,0
161,36,2025_TESTGAME_FOR_2026,4,Top,East Wake Academy Varsity Eagles,,L McDonald,3,0,2,foul,0,1,1,0,1
162,36,2025_TESTGAME_FOR_2026,4,Top,East Wake Academy Varsity Eagles,,L McDonald,4,0,2,foul,0,1,1,0,1
163,36,2025_TESTGAME_FOR_2026,4,Top,East Wake Academy Varsity Eagles,,L McDonald,5,0,2,ball,0,1,0,0,0
164,36,2025_TESTGAME_FOR_2026,4,Top,East Wake Academy Varsity Eagles,,L McDonald,6,1,2,in_play,0,1,1,0,1
165,37,2025_TESTGAME_FOR_2026,4,Top,East Wake Academy Varsity Eagles,M Brantley,L McDonald,1,0,0,called_strike,1,0,0,0,0
166,37,2025_TESTGAME_FOR_2026,4,Top,East Wake Academy Varsity Eagles,M Brantley,L McDonald,2,0,1,ball,0,0,0,0,0
167,37,2025_TESTGAME_FOR_2026,4,Top,East Wake Academy Varsity Eagles,M Brantley,L McDonald,3,1,1,ball,0,0,0,0,0
168,37,2025_TESTGAME_FOR_2026,4,Top,East Wake Academy Varsity Eagles,M Brantley,L McDonald,4,2,1,foul,0,0,1,0,1
169,37,2025_TESTGAME_FOR_2026,4,Top,East Wake Academy Varsity Eagles,M Brantley,L McDonald,5,2,2,called_strike,0,1,0,0,0
191,43,2025_TESTGAME_FOR_2026,5,Top,East Wake Academy Varsity Eagles,,L McDonald,1,0,0,swinging_strike,1,0,1,1,0
192,43,2025_TESTGAME_FOR_2026,5,Top,East Wake Academy Varsity Eagles,,L McDonald,2,0,1,ball,0,0,0,0,0
193,43,2025_TESTGAME_FOR_2026,5,Top,East Wake Academy Varsity Eagles,,L McDonald,3,1,1,in_play,0,0,1,0,1
194,44,2025_TESTGAME_FOR_2026,5,Top,East Wake Academy Varsity Eagles,,L McDonald,1,0,0,ball,1,0,0,0,0
195,44,2025_TESTGAME_FOR_2026,5,Top,East Wake Academy Varsity Eagles,,L McDonald,2,1,0,ball,0,0,0,0,0
196,44,2025_TESTGAME_FOR_2026,5,Top,East Wake Academy Varsity Eagles,,L McDonald,3,2,0,called_strike,0,0,0,0,0
197,44,2025_TESTGAME_FOR_2026,5,Top,East Wake Academy Varsity Eagles,,L McDonald,4,2,1,in_play,0,0,1,0,1
198,45,2025_TESTGAME_FOR_2026,5,Top,East Wake Academy Varsity Eagles,J Driver,A Rahming,1,0,0,called_strike,1,0,0,0,0
199,45,2025_TESTGAME_FOR_2026,5,Top,East Wake Academy Varsity Eagles,J Driver,A Rahming,2,0,1,ball,0,0,0,0,0
200,46,2025_TESTGAME_FOR_2026,5,Top,East Wake Academy Varsity Eagles,D Palmer,A Rahming,1,0,0,called_strike,1,0,0,0,0
201,46,2025_TESTGAME_FOR_2026,5,Top,East Wake Academy Varsity Eagles,D Palmer,A Rahming,2,0,1,foul,0,0,1,0,1
202,46,2025_TESTGAME_FOR_2026,5,Top,East Wake Academy Varsity Eagles,D Palmer,A Rahming,3,0,2,foul_tip,0,1,1,0,1
203,46,2025_TESTGAME_FOR_2026,5,Top,East Wake Academy Varsity Eagles,D Palmer,A Rahming,4,0,2,foul_tip,0,1,1,0,1
216,50,2025_TESTGAME_FOR_2026,6,Top,East Wake Academy Varsity Eagles,R Johnston,A Rahming,1,0,0,ball,1,0,0,0,0
217,50,2025_TESTGAME_FOR_2026,6,Top,East Wake Academy Varsity Eagles,R Johnston,A Rahming,2,1,0,called_strike,0,0,0,0,0
218,50,2025_TESTGAME_FOR_2026,6,Top,East Wake Academy Varsity Eagles,R Johnston,A Rahming,3,1,1,called_strike,0,0,0,0,0
219,50,2025_TESTGAME_FOR_2026,6,Top,East Wake Academy Varsity Eagles,R Johnston,A Rahming,4,1,2,swinging_strike,0,1,1,1,0
220,51,2025_TESTGAME_FOR_2026,6,Top,East Wake Academy Varsity Eagles,J Fuentes,A Rahming,1,0,0,ball,1,0,0,0,0
221,51,2025_TESTGAME_FOR_2026,6,Top,East Wake Academy Varsity Eagles,J Fuentes,A Rahming,2,1,0,ball,0,0,0,0,0
222,51,2025_TESTGAME_FOR_2026,6,Top,East Wake Academy Varsity Eagles,J Fuentes,A Rahming,3,2,0,called_strike,0,0,0,0,0
223,51,2025_TESTGAME_FOR_2026,6,Top,East Wake Academy Varsity Eagles,J Fuentes,A Rahming,4,2,1,called_strike,0,0,0,0,0
224,51,2025_TESTGAME_FOR_2026,6,Top,East Wake Academy Varsity Eagles,J Fuentes,A Rahming,5,2,2,swinging_strike,0,1,1,1,0
225,52,2025_TESTGAME_FOR_2026,6,Top,East Wake Academy Varsity Eagles,L Collier,A Rahming,1,0,0,ball,1,0,0,0,0
226,52,2025_TESTGAME_FOR_2026,6,Top,East Wake Academy Varsity Eagles,L Collier,A Rahming,2,1,0,foul,0,0,1,0,1
227,52,2025_TESTGAME_FOR_2026,6,Top,East Wake Academy Varsity Eagles,L Collier,A Rahming,3,1,1,foul,0,0,1,0,1
228,52,2025_TESTGAME_FOR_2026,6,Top,East Wake Academy Varsity Eagles,L Collier,A Rahming,4,1,2,swinging_strike,0,1,1,1,0
237,57,2025_TESTGAME_FOR_2026,7,Top,East Wake Academy Varsity Eagles,A Gardner,A Rahming,1,0,0,foul,1,0,1,0,1
238,57,2025_TESTGAME_FOR_2026,7,Top,East Wake Academy Varsity Eagles,A Gardner,A Rahming,2,0,1,in_play,0,0,1,0,1
239,58,2025_TESTGAME_FOR_2026,7,Top,East Wake Academy Varsity Eagles,M Brantley,A Rahming,1,0,0,ball,1,0,0,0,0
240,58,2025_TESTGAME_FOR_2026,7,Top,East Wake Academy Varsity Eagles,M Brantley,A Rahming,2,1,0,swinging_strike,0,0,1,1,0
241,58,2025_TESTGAME_FOR_2026,7,Top,East Wake Academy Varsity Eagles,M Brantley,A Rahming,3,1,1,ball,0,0,0,0,0
242,58,2025_TESTGAME_FOR_2026,7,Top,East Wake Academy Varsity Eagles,M Brantley,A Rahming,4,2,1,foul,0,0,1,0,1
243,58,2025_TESTGAME_FOR_2026,7,Top,East Wake Academy Varsity Eagles,M Brantley,A Rahming,5,2,2,swinging_strike,0,1,1,1,0
244,59,2025_TESTGAME_FOR_2026,7,Top,East Wake Academy Varsity Eagles,J Duffield,A Rahming,1,0,0,ball,1,0,0,0,0
245,59,2025_TESTGAME_FOR_2026,7,Top,East Wake Academy Varsity Eagles,J Duffield,A Rahming,2,1,0,called_strike,0,0,0,0,0
246,59,2025_TESTGAME_FOR_2026,7,Top,East Wake Academy Varsity Eagles,J Duffield,A Rahming,3,1,1,ball,0,0,0,0,0
247,59,2025_TESTGAME_FOR_2026,7,Top,East Wake Academy Varsity Eagles,J Duffield,A Rahming,4,2,1,called_strike,0,0,0,0,0
248,59,2025_TESTGAME_FOR_2026,7,Top,East Wake Academy Varsity Eagles,J Duffield,A Rahming,5,2,2,ball,0,1,0,0,0
249,59,2025_TESTGAME_FOR_2026,7,Top,East Wake Academy Varsity Eagles,J Duffield,A Rahming,6,3,2,called_strike,0,1,0,0,0
250,60,TEST_GAME_2_2025_FOR_2026,1,Top,East Wake Academy Varsity Eagles,D Benton,W Holmes,1,0,0,ball,1,0,0,0,0
251,60,TEST_GAME_2_2025_FOR_2026,1,Top,East Wake Academy Varsity Eagles,D Benton,W Holmes,2,1,0,foul,0,0,1,0,1
252,60,TEST_GAME_2_2025_FOR_2026,1,Top,East Wake Academy Varsity Eagles,D Benton,W Holmes,3,1,1,swinging_strike,0,0,1,1,0
253,60,TEST_GAME_2_2025_FOR_2026,1,Top,East Wake Academy Varsity Eagles,D Benton,W Holmes,4,1,2,foul_tip,0,1,1,0,1
254,60,TEST_GAME_2_2025_FOR_2026,1,Top,East Wake Academy Varsity Eagles,D Benton,W Holmes,5,1,2,foul_tip,0,1,1,0,1
255,61,TEST_GAME_2_2025_FOR_2026,1,Top,East Wake Academy Varsity Eagles,J Driver,W Holmes,1,0,0,ball,1,0,0,0,0
256,61,TEST_GAME_2_2025_FOR_2026,1,Top,East Wake Academy Varsity Eagles,J Driver,W Holmes,2,1,0,called_strike,0,0,0,0,0
257,61,TEST_GAME_2_2025_FOR_2026,1,Top,East Wake Academy Varsity Eagles,J Driver,W Holmes,3,1,1,ball,0,0,0,0,0
258,61,TEST_GAME_2_2025_FOR_2026,1,Top,East Wake Academy Varsity Eagles,J Driver,W Holmes,4,2,1,in_play,0,0,1,0,1
259,61,TEST_GAME_2_2025_FOR_2026,1,Top,East Wake Academy Varsity Eagles,J Driver,W Holmes,5,2,1,ball,0,0,0,0,0
260,62,TEST_GAME_2_2025_FOR_2026,1,Top,East Wake Academy Varsity Eagles,D Palmer,W Holmes,1,0,0,called_strike,1,0,0,0,0
261,62,TEST_GAME_2_2025_FOR_2026,1,Top,East Wake Academy Varsity Eagles,D Palmer,W Holmes,2,0,1,ball,0,0,0,0,0
262,62,TEST_GAME_2_2025_FOR_2026,1,Top,East Wake Academy Varsity Eagles,D Palmer,W Holmes,3,1,1,in_play,0,0,1,0,1
263,63,TEST_GAME_2_2025_FOR_2026,1,Top,East Wake Academy Varsity Eagles,,W Holmes,1,0,0,ball,1,0,0,0,0
264,63,TEST_GAME_2_2025_FOR_2026,1,Top,East Wake Academy Varsity Eagles,,W Holmes,2,1,0,ball,0,0,0,0,0
265,63,TEST_GAME_2_2025_FOR_2026,1,Top,East Wake Academy Varsity Eagles,,W Holmes,3,2,0,in_play,0,0,1,0,1
266,64,TEST_GAME_2_2025_FOR_2026,1,Top,East Wake Academy Varsity Eagles,J Fuentes,W Holmes,1,0,0,ball,1,0,0,0,0
267,64,TEST_GAME_2_2025_FOR_2026,1,Top,East Wake Academy Varsity Eagles,J Fuentes,W Holmes,2,1,0,ball,0,0,0,0,0
268,64,TEST_GAME_2_2025_FOR_2026,1,Top,East Wake Academy Varsity Eagles,J Fuentes,W Holmes,3,2,0,swinging_strike,0,0,1,1,0
269,64,TEST_GAME_2_2025_FOR_2026,1,Top,East Wake Academy Varsity Eagles,J Fuentes,W Holmes,4,2,1,called_strike,0,0,0,0,0
270,64,TEST_GAME_2_2025_FOR_2026,1,Top,East Wake Academy Varsity Eagles,J Fuentes,W Holmes,5,2,2,ball,0,1,0,0,0
271,64,TEST_GAME_2_2025_FOR_2026,1,Top,East Wake Academy Varsity Eagles,J Fuentes,W Holmes,6,3,2,ball,0,1,0,0,0
272,64,TEST_GAME_2_2025_FOR_2026,1,Top,East Wake Academy Varsity Eagles,J Fuentes,W Holmes,7,4,2,called_strike,0,1,0,0,0
306,71,TEST_GAME_2_2025_FOR_2026,2,Top,East Wake Academy Varsity Eagles,R Johnston,W Holmes,1,0,0,ball,1,0,0,0,0
307,71,TEST_GAME_2_2025_FOR_2026,2,Top,East Wake Academy Varsity Eagles,R Johnston,W Holmes,2,1,0,foul,0,0,1,0,1
308,71,TEST_GAME_2_2025_FOR_2026,2,Top,East Wake Academy Varsity Eagles,R Johnston,W Holmes,3,1,1,swinging_strike,0,0,1,1,0
309,71,TEST_GAME_2_2025_FOR_2026,2,Top,East Wake Academy Varsity Eagles,R Johnston,W Holmes,4,1,2,swinging_strike,0,1,1,1,0
310,72,TEST_GAME_2_2025_FOR_2026,2,Top,East Wake Academy Varsity Eagles,,W Holmes,1,0,0,swinging_strike,1,0,1,1,0
311,72,TEST_GAME_2_2025_FOR_2026,2,Top,East Wake Academy Varsity Eagles,,W Holmes,2,0,1,in_play,0,0,1,0,1
312,73,TEST_GAME_2_2025_FOR_2026,2,Top,East Wake Academy Varsity Eagles,L Collier,W Holmes,1,0,0,ball,1,0,0,0,0
313,73,TEST_GAME_2_2025_FOR_2026,2,Top,East Wake Academy Varsity Eagles,L Collier,W Holmes,2,1,0,called_strike,0,0,0,0,0
314,73,TEST_GAME_2_2025_FOR_2026,2,Top,East Wake Academy Varsity Eagles,L Collier,W Holmes,3,1,1,ball,0,0,0,0,0
315,73,TEST_GAME_2_2025_FOR_2026,2,Top,East Wake Academy Varsity Eagles,L Collier,W Holmes,4,2,1,ball,0,0,0,0,0
316,73,TEST_GAME_2_2025_FOR_2026,2,Top,East Wake Academy Varsity Eagles,L Collier,W Holmes,5,3,1,ball,0,0,0,0,0
317,74,TEST_GAME_2_2025_FOR_2026,2,Top,East Wake Academy Varsity Eagles,J Duffield,W Holmes,1,0,0,called_strike,1,0,0,0,0
318,74,TEST_GAME_2_2025_FOR_2026,2,Top,East Wake Academy Varsity Eagles,J Duffield,W Holmes,2,0,1,ball,0,0,0,0,0
319,74,TEST_GAME_2_2025_FOR_2026,2,Top,East Wake Academy Varsity Eagles,J Duffield,W Holmes,3,1,1,ball,0,0,0,0,0
320,74,TEST_GAME_2_2025_FOR_2026,2,Top,East Wake Academy Varsity Eagles,J Duffield,W Holmes,4,2,1,called_strike,0,0,0,0,0
321,74,TEST_GAME_2_2025_FOR_2026,2,Top,East Wake Academy Varsity Eagles,J Duffield,W Holmes,5,2,2,ball,0,1,0,0,0
322,74,TEST_GAME_2_2025_FOR_2026,2,Top,East Wake Academy Varsity Eagles,J Duffield,W Holmes,6,3,2,ball,0,1,0,0,0
323,75,TEST_GAME_2_2025_FOR_2026,2,Top,East Wake Academy Varsity Eagles,D Benton,W Holmes,1,0,0,called_strike,1,0,0,0,0
324,75,TEST_GAME_2_2025_FOR_2026,2,Top,East Wake Academy Varsity Eagles,D Benton,W Holmes,2,0,1,in_play,0,0,1,0,1
325,76,TEST_GAME_2_2025_FOR_2026,2,Top,East Wake Academy Varsity Eagles,,W Holmes,1,0,0,called_strike,1,0,0,0,0
326,76,TEST_GAME_2_2025_FOR_2026,2,Top,East Wake Academy Varsity Eagles,,W Holmes,2,0,1,in_play,0,0,1,0,1
358,84,TEST_GAME_2_2025_FOR_2026,3,Top,East Wake Academy Varsity Eagles,D Palmer,W Holmes,1,0,0,ball,1,0,0,0,0
359,84,TEST_GAME_2_2025_FOR_2026,3,Top,East Wake Academy Varsity Eagles,D Palmer,W Holmes,2,1,0,in_play,0,0,1,0,1
360,85,TEST_GAME_2_2025_FOR_2026,3,Top,East Wake Academy Varsity Eagles,W Dixon,W Holmes,1,0,0,called_strike,1,0,0,0,0
361,85,TEST_GAME_2_2025_FOR_2026,3,Top,East Wake Academy Varsity Eagles,W Dixon,W Holmes,2,0,1,ball,0,0,0,0,0
362,85,TEST_GAME_2_2025_FOR_2026,3,Top,East Wake Academy Varsity Eagles,W Dixon,W Holmes,3,1,1,ball,0,0,0,0,0
363,85,TEST_GAME_2_2025_FOR_2026,3,Top,East Wake Academy Varsity Eagles,W Dixon,W Holmes,4,2,1,foul,0,0,1,0,1
364,85,TEST_GAME_2_2025_FOR_2026,3,Top,East Wake Academy Varsity Eagles,W Dixon,W Holmes,5,2,2,called_strike,0,1,0,0,0
365,86,TEST_GAME_2_2025_FOR_2026,3,Top,East Wake Academy Varsity Eagles,,W Holmes,1,0,0,in_play,1,0,1,0,1
366,87,TEST_GAME_2_2025_FOR_2026,3,Top,East Wake Academy Varsity Eagles,,W Holmes,1,0,0,called_strike,1,0,0,0,0
367,87,TEST_GAME_2_2025_FOR_2026,3,Top,East Wake Academy Varsity Eagles,,W Holmes,2,0,1,in_play,0,0,1,0,1
368,87,TEST_GAME_2_2025_FOR_2026,3,Top,East Wake Academy Varsity Eagles,,W Holmes,3,0,1,foul,0,0,1,0,1
393,93,TEST_GAME_2_2025_FOR_2026,4,Top,East Wake Academy Varsity Eagles,,W Holmes,1,0,0,ball,1,0,0,0,0
394,93,TEST_GAME_2_2025_FOR_2026,4,Top,East Wake Academy Varsity Eagles,,W Holmes,2,1,0,in_play,0,0,1,0,1
395,94,TEST_GAME_2_2025_FOR_2026,4,Top,East Wake Academy Varsity Eagles,L Collier,W Holmes,1,0,0,in_play,1,0,1,0,1
396,94,TEST_GAME_2_2025_FOR_2026,4,Top,East Wake Academy Varsity Eagles,L Collier,W Holmes,2,0,0,ball,0,0,0,0,0
397,95,TEST_GAME_2_2025_FOR_2026,4,Top,East Wake Academy Varsity Eagles,J Duffield,W Holmes,1,0,0,called_strike,1,0,0,0,0
398,95,TEST_GAME_2_2025_FOR_2026,4,Top,East Wake Academy Varsity Eagles,J Duffield,W Holmes,2,0,1,ball,0,0,0,0,0
399,95,TEST_GAME_2_2025_FOR_2026,4,Top,East Wake Academy Varsity Eagles,J Duffield,W Holmes,3,1,1,called_strike,0,0,0,0,0
400,95,TEST_GAME_2_2025_FOR_2026,4,Top,East Wake Academy Varsity Eagles,J Duffield,W Holmes,4,1,2,ball,0,1,0,0,0
401,95,TEST_GAME_2_2025_FOR_2026,4,Top,East Wake Academy Varsity Eagles,J Duffield,W Holmes,5,2,2,swinging_strike,0,1,1,1,0
402,96,TEST_GAME_2_2025_FOR_2026,4,Top,East Wake Academy Varsity Eagles,,W Holmes,1,0,0,called_strike,1,0,0,0,0
403,96,TEST_GAME_2_2025_FOR_2026,4,Top,East Wake Academy Varsity Eagles,,W Holmes,2,0,1,ball,0,0,0,0,0
404,96,TEST_GAME_2_2025_FOR_2026,4,Top,East Wake Academy Varsity Eagles,,W Holmes,3,1,1,ball,0,0,0,0,0
405,96,TEST_GAME_2_2025_FOR_2026,4,Top,East Wake Academy Varsity Eagles,,W Holmes,4,2,1,ball,0,0,0,0,0
406,96,TEST_GAME_2_2025_FOR_2026,4,Top,East Wake Academy Varsity Eagles,,W Holmes,5,3,1,ball,0,0,0,0,0
407,96,TEST_GAME_2_2025_FOR_2026,4,Top,East Wake Academy Varsity Eagles,,W Holmes,6,4,1,ball,0,0,0,0,0
408,97,TEST_GAME_2_2025_FOR_2026,4,Top,East Wake Academy Varsity Eagles,J Driver,W Holmes,1,0,0,ball,1,0,0,0,0
409,97,TEST_GAME_2_2025_FOR_2026,4,Top,East Wake Academy Varsity Eagles,J Driver,W Holmes,2,1,0,foul,0,0,1,0,1
410,97,TEST_GAME_2_2025_FOR_2026,4,Top,East Wake Academy Varsity Eagles,J Driver,W Holmes,3,1,1,ball,0,0,0,0,0
411,97,TEST_GAME_2_2025_FOR_2026,4,Top,East Wake Academy Varsity Eagles,J Driver,W Holmes,4,2,1,in_play,0,0,1,0,1
412,98,TEST_GAME_2_2025_FOR_2026,4,Top,East Wake Academy Varsity Eagles,D Palmer,W Holmes,1,0,0,ball,1,0,0,0,0
413,98,TEST_GAME_2_2025_FOR_2026,4,Top,East Wake Academy Varsity Eagles,D Palmer,W Holmes,2,1,0,foul,0,0,1,0,1
414,98,TEST_GAME_2_2025_FOR_2026,4,Top,East Wake Academy Varsity Eagles,D Palmer,W Holmes,3,1,1,ball,0,0,0,0,0
415,98,TEST_GAME_2_2025_FOR_2026,4,Top,East Wake Academy Varsity Eagles,D Palmer,W Holmes,4,2,1,ball,0,0,0,0,0
416,98,TEST_GAME_2_2025_FOR_2026,4,Top,East Wake Academy Varsity Eagles,D Palmer,W Holmes,5,3,1,ball,0,0,0,0,0
417,99,TEST_GAME_2_2025_FOR_2026,4,Top,East Wake Academy Varsity Eagles,W Dixon,W Holmes,1,0,0,ball,1,0,0,0,0
418,99,TEST_GAME_2_2025_FOR_2026,4,Top,East Wake Academy Varsity Eagles,W Dixon,W Holmes,2,1,0,ball,0,0,0,0,0
419,99,TEST_GAME_2_2025_FOR_2026,4,Top,East Wake Academy Varsity Eagles,W Dixon,W Holmes,3,2,0,ball,0,0,0,0,0
420,99,TEST_GAME_2_2025_FOR_2026,4,Top,East Wake Academy Varsity Eagles,W Dixon,W Holmes,4,3,0,called_strike,0,0,0,0,0
421,99,TEST_GAME_2_2025_FOR_2026,4,Top,East Wake Academy Varsity Eagles,W Dixon,W Holmes,5,3,1,ball,0,0,0,0,0
422,100,TEST_GAME_2_2025_FOR_2026,4,Top,East Wake Academy Varsity Eagles,,W Holmes,1,0,0,ball,1,0,0,0,0
423,100,TEST_GAME_2_2025_FOR_2026,4,Top,East Wake Academy Varsity Eagles,,W Holmes,2,1,0,called_strike,0,0,0,0,0
424,100,TEST_GAME_2_2025_FOR_2026,4,Top,East Wake Academy Varsity Eagles,,W Holmes,3,1,1,in_play,0,0,1,0,1
451,106,TEST_GAME_2_2025_FOR_2026,5,Top,East Wake Academy Varsity Eagles,R Johnston,W Holmes,1,0,0,ball,1,0,0,0,0
452,106,TEST_GAME_2_2025_FOR_2026,5,Top,East Wake Academy Varsity Eagles,R Johnston,W Holmes,2,1,0,called_strike,0,0,0,0,0
453,106,TEST_GAME_2_2025_FOR_2026,5,Top,East Wake Academy Varsity Eagles,R Johnston,W Holmes,3,1,1,ball,0,0,0,0,0
454,106,TEST_GAME_2_2025_FOR_2026,5,Top,East Wake Academy Varsity Eagles,R Johnston,W Holmes,4,2,1,swinging_strike,0,0,1,1,0
455,106,TEST_GAME_2_2025_FOR_2026,5,Top,East Wake Academy Varsity Eagles,R Johnston,W Holmes,5,2,2,ball,0,1,0,0,0
456,106,TEST_GAME_2_2025_FOR_2026,5,Top,East Wake Academy Varsity Eagles,R Johnston,W Holmes,6,3,2,swinging_strike,0,1,1,1,0
457,107,TEST_GAME_2_2025_FOR_2026,5,Top,East Wake Academy Varsity Eagles,A Gardner,W Holmes,1,0,0,in_play,1,0,1,0,1
458,107,TEST_GAME_2_2025_FOR_2026,5,Top,East Wake Academy Varsity Eagles,A Gardner,W Holmes,2,0,0,ball,0,0,0,0,0
459,108,TEST_GAME_2_2025_FOR_2026,5,Top,East Wake Academy Varsity Eagles,L Collier,W Holmes,1,0,0,ball,1,0,0,0,0
460,108,TEST_GAME_2_2025_FOR_2026,5,Top,East Wake Academy Varsity Eagles,L Collier,W Holmes,2,1,0,called_strike,0,0,0,0,0
461,108,TEST_GAME_2_2025_FOR_2026,5,Top,East Wake Academy Varsity Eagles,L Collier,W Holmes,3,1,1,foul,0,0,1,0,1
462,108,TEST_GAME_2_2025_FOR_2026,5,Top,East Wake Academy Varsity Eagles,L Collier,W Holmes,4,1,2,ball,0,1,0,0,0
463,108,TEST_GAME_2_2025_FOR_2026,5,Top,East Wake Academy Varsity Eagles,L Collier,W Holmes,5,2,2,foul,0,1,1,0,1
464,108,TEST_GAME_2_2025_FOR_2026,5,Top,East Wake Academy Varsity Eagles,L Collier,W Holmes,6,2,2,ball,0,1,0,0,0
465,108,TEST_GAME_2_2025_FOR_2026,5,Top,East Wake Academy Varsity Eagles,L Collier,W Holmes,7,3,2,in_play,0,1,1,0,1
466,108,TEST_GAME_2_2025_FOR_2026,5,Top,East Wake Academy Varsity Eagles,L Collier,W Holmes,8,3,2,ball,0,1,0,0,0
467,109,TEST_GAME_2_2025_FOR_2026,5,Top,East Wake Academy Varsity Eagles,J Duffield,W Holmes,1,0,0,ball,1,0,0,0,0
468,109,TEST_GAME_2_2025_FOR_2026,5,Top,East Wake Academy Varsity Eagles,J Duffield,W Holmes,2,1,0,ball,0,0,0,0,0
469,109,TEST_GAME_2_2025_FOR_2026,5,Top,East Wake Academy Varsity Eagles,J Duffield,W Holmes,3,2,0,ball,0,0,0,0,0
470,109,TEST_GAME_2_2025_FOR_2026,5,Top,East Wake Academy Varsity Eagles,J Duffield,W Holmes,4,3,0,ball,0,0,0,0,0
471,110,TEST_GAME_2_2025_FOR_2026,5,Top,East Wake Academy Varsity Eagles,D Benton,W Holmes,1,0,0,ball,1,0,0,0,0
472,110,TEST_GAME_2_2025_FOR_2026,5,Top,East Wake Academy Varsity Eagles,D Benton,W Holmes,2,1,0,ball,0,0,0,0,0
473,110,TEST_GAME_2_2025_FOR_2026,5,Top,East Wake Academy Varsity Eagles,D Benton,W Holmes,3,2,0,ball,0,0,0,0,0
474,110,TEST_GAME_2_2025_FOR_2026,5,Top,East Wake Academy Varsity Eagles,D Benton,W Holmes,4,3,0,called_strike,0,0,0,0,0
475,110,TEST_GAME_2_2025_FOR_2026,5,Top,East Wake Academy Varsity Eagles,D Benton,W Holmes,5,3,1,ball,0,0,0,0,0
476,111,TEST_GAME_2_2025_FOR_2026,5,Top,East Wake Academy Varsity Eagles,J Driver,W Holmes,1,0,0,ball,1,0,0,0,0
477,111,TEST_GAME_2_2025_FOR_2026,5,Top,East Wake Academy Varsity Eagles,J Driver,W Holmes,2,1,0,called_strike,0,0,0,0,0
478,111,TEST_GAME_2_2025_FOR_2026,5,Top,East Wake Academy Varsity Eagles,J Driver,W Holmes,3,1,1,ball,0,0,0,0,0
479,111,TEST_GAME_2_2025_FOR_2026,5,Top,East Wake Academy Varsity Eagles,J Driver,W Holmes,4,2,1,ball,0,0,0,0,0
480,111,TEST_GAME_2_2025_FOR_2026,5,Top,East Wake Academy Varsity Eagles,J Driver,W Holmes,5,3,1,swinging_strike,0,0,1,1,0
481,111,TEST_GAME_2_2025_FOR_2026,5,Top,East Wake Academy Varsity Eagles,J Driver,W Holmes,6,3,2,swinging_strike,0,1,1,1,0
482,112,TEST_GAME_2_2025_FOR_2026,5,Top,East Wake Academy Varsity Eagles,,W Holmes,1,0,0,ball,1,0,0,0,0
483,113,TEST_GAME_2_2025_FOR_2026,5,Top,East Wake Academy Varsity Eagles,W Dixon,W Holmes,1,0,0,swinging_strike,1,0,1,1,0
484,113,TEST_GAME_2_2025_FOR_2026,5,Top,East Wake Academy Varsity Eagles,W Dixon,W Holmes,2,0,1,ball,0,0,0,0,0
485,113,TEST_GAME_2_2025_FOR_2026,5,Top,East Wake Academy Varsity Eagles,W Dixon,W Holmes,3,1,1,in_play,0,0,1,0,1
486,113,TEST_GAME_2_2025_FOR_2026,5,Top,East Wake Academy Varsity Eagles,W Dixon,W Holmes,4,1,1,ball,0,0,0,0,0
487,114,TEST_GAME_2_2025_FOR_2026,5,Top,East Wake Academy Varsity Eagles,,W Holmes,1,0,0,ball,1,0,0,0,0
488,114,TEST_GAME_2_2025_FOR_2026,5,Top,East Wake Academy Varsity Eagles,,W Holmes,2,1,0,in_play,0,0,1,0,1
505,119,TEST_GAME_2_2025_FOR_2026,6,Top,East Wake Academy Varsity Eagles,R Johnston,W Holmes,1,0,0,ball,1,0,0,0,0
506,119,TEST_GAME_2_2025_FOR_2026,6,Top,East Wake Academy Varsity Eagles,R Johnston,W Holmes,2,1,0,ball,0,0,0,0,0
507,119,TEST_GAME_2_2025_FOR_2026,6,Top,East Wake Academy Varsity Eagles,R Johnston,W Holmes,3,2,0,called_strike,0,0,0,0,0
508,119,TEST_GAME_2_2025_FOR_2026,6,Top,East Wake Academy Varsity Eagles,R Johnston,W Holmes,4,2,1,foul,0,0,1,0,1
509,119,TEST_GAME_2_2025_FOR_2026,6,Top,East Wake Academy Varsity Eagles,R Johnston,W Holmes,5,2,2,ball,0,1,0,0,0
510,119,TEST_GAME_2_2025_FOR_2026,6,Top,East Wake Academy Varsity Eagles,R Johnston,W Holmes,6,3,2,ball,0,1,0,0,0
511,120,TEST_GAME_2_2025_FOR_2026,6,Top,East Wake Academy Varsity Eagles,,W Holmes,1,0,0,ball,1,0,0,0,0
512,120,TEST_GAME_2_2025_FOR_2026,6,Top,East Wake Academy Varsity Eagles,,W Holmes,2,1,0,ball,0,0,0,0,0
513,120,TEST_GAME_2_2025_FOR_2026,6,Top,East Wake Academy Varsity Eagles,,W Holmes,3,2,0,in_play,0,0,1,0,1
514,121,TEST_GAME_2_2025_FOR_2026,6,Top,East Wake Academy Varsity Eagles,L Collier,W Holmes,1,0,0,ball,1,0,0,0,0
515,121,TEST_GAME_2_2025_FOR_2026,6,Top,East Wake Academy Varsity Eagles,L Collier,W Holmes,2,1,0,ball,0,0,0,0,0
516,121,TEST_GAME_2_2025_FOR_2026,6,Top,East Wake Academy Varsity Eagles,L Collier,W Holmes,3,2,0,called_strike,0,0,0,0,0
517,121,TEST_GAME_2_2025_FOR_2026,6,Top,East Wake Academy Varsity Eagles,L Collier,W Holmes,4,2,1,ball,0,0,0,0,0
518,121,TEST_GAME_2_2025_FOR_2026,6,Top,East Wake Academy Varsity Eagles,L Collier,W Holmes,5,3,1,in_play,0,0,1,0,1
519,121,TEST_GAME_2_2025_FOR_2026,6,Top,East Wake Academy Varsity Eagles,L Collier,W Holmes,6,3,1,ball,0,0,0,0,0
520,122,TEST_GAME_2_2025_FOR_2026,6,Top,East Wake Academy Varsity Eagles,J Duffield,W Holmes,1,0,0,ball,1,0,0,0,0
521,122,TEST_GAME_2_2025_FOR_2026,6,Top,East Wake Academy Varsity Eagles,J Duffield,W Holmes,2,1,0,called_strike,0,0,0,0,0
522,122,TEST_GAME_2_2025_FOR_2026,6,Top,East Wake Academy Varsity Eagles,J Duffield,W Holmes,3,1,1,in_play,0,0,1,0,1
523,122,TEST_GAME_2_2025_FOR_2026,6,Top,East Wake Academy Varsity Eagles,J Duffield,W Holmes,4,1,1,ball,0,0,0,0,0
524,123,TEST_GAME_2_2025_FOR_2026,6,Top,East Wake Academy Varsity Eagles,D Benton,W Holmes,1,0,0,ball,1,0,0,0,0
525,123,TEST_GAME_2_2025_FOR_2026,6,Top,East Wake Academy Varsity Eagles,D Benton,W Holmes,2,1,0,swinging_strike,0,0,1,1,0
526,123,TEST_GAME_2_2025_FOR_2026,6,Top,East Wake Academy Varsity Eagles,D Benton,W Holmes,3,1,1,ball,0,0,0,0,0
527,123,TEST_GAME_2_2025_FOR_2026,6,Top,East Wake Academy Varsity Eagles,D Benton,W Holmes,4,2,1,in_play,0,0,1,0,1
528,124,TEST_GAME_2_2025_FOR_2026,6,Top,East Wake Academy Varsity Eagles,,W Holmes,1,0,0,called_strike,1,0,0,0,0
529,124,TEST_GAME_2_2025_FOR_2026,6,Top,East Wake Academy Varsity Eagles,,W Holmes,2,0,1,in_play,0,0,1,0,1
530,125,TEST_GAME_2_2025_FOR_2026,6,Top,East Wake Academy Varsity Eagles,D Palmer,W Holmes,1,0,0,ball,1,0,0,0,0
531,125,TEST_GAME_2_2025_FOR_2026,6,Top,East Wake Academy Varsity Eagles,D Palmer,W Holmes,2,1,0,ball,0,0,0,0,0
532,125,TEST_GAME_2_2025_FOR_2026,6,Top,East Wake Academy Varsity Eagles,D Palmer,W Holmes,3,2,0,ball,0,0,0,0,0
533,125,TEST_GAME_2_2025_FOR_2026,6,Top,East Wake Academy Varsity Eagles,D Palmer,W Holmes,4,3,0,ball,0,0,0,0,0
534,126,TEST_GAME_2_2025_FOR_2026,6,Top,East Wake Academy Varsity Eagles,W Dixon,W Holmes,1,0,0,ball,1,0,0,0,0
535,126,TEST_GAME_2_2025_FOR_2026,6,Top,East Wake Academy Varsity Eagles,W Dixon,W Holmes,2,1,0,in_play,0,0,1,0,1
536,127,TEST_GAME_2_2025_FOR_2026,6,Top,East Wake Academy Varsity Eagles,J Fuentes,W Holmes,1,0,0,ball,1,0,0,0,0
537,127,TEST_GAME_2_2025_FOR_2026,6,Top,East Wake Academy Varsity Eagles,J Fuentes,W Holmes,2,1,0,ball,0,0,0,0,0
538,127,TEST_GAME_2_2025_FOR_2026,6,Top,East Wake Academy Varsity Eagles,J Fuentes,W Holmes,3,2,0,foul,0,0,1,0,1
539,127,TEST_GAME_2_2025_FOR_2026,6,Top,East Wake Academy Varsity Eagles,J Fuentes,W Holmes,4,2,1,swinging_strike,0,0,1,1,0
540,127,TEST_GAME_2_2025_FOR_2026,6,Top,East Wake Academy Varsity Eagles,J Fuentes,W Holmes,5,2,2,ball,0,1,0,0,0
541,127,TEST_GAME_2_2025_FOR_2026,6,Top,East Wake Academy Varsity Eagles,J Fuentes,W Holmes,6,3,2,ball,0,1,0,0,0
542,128,TEST_GAME_2_2025_FOR_2026,6,Top,East Wake Academy Varsity Eagles,R Johnston,W Holmes,1,0,0,ball,1,0,0,0,0
543,128,TEST_GAME_2_2025_FOR_2026,6,Top,East Wake Academy Varsity Eagles,R Johnston,W Holmes,2,1,0,swinging_strike,0,0,1,1,0
544,128,TEST_GAME_2_2025_FOR_2026,6,Top,East Wake Academy Varsity Eagles,R Johnston,W Holmes,3,1,1,foul,0,0,1,0,1
545,128,TEST_GAME_2_2025_FOR_2026,6,Top,East Wake Academy Varsity Eagles,R Johnston,W Holmes,4,1,2,ball,0,1,0,0,0
546,128,TEST_GAME_2_2025_FOR_2026,6,Top,East Wake Academy Varsity Eagles,R Johnston,W Holmes,5,2,2,ball,0,1,0,0,0
547,128,TEST_GAME_2_2025_FOR_2026,6,Top,East Wake Academy Varsity Eagles,R Johnston,W Holmes,6,3,2,called_strike,0,1,0,0,0
587,139,TEST_GAME_4_EAST_COLUMBUS,1,Bottom,East Wake Academy Varsity Eagles,D Benton,G Simmons,1,0,0,ball,1,0,0,0,0
588,139,TEST_GAME_4_EAST_COLUMBUS,1,Bottom,East Wake Academy Varsity Eagles,D Benton,G Simmons,2,1,0,called_strike,0,0,0,0,0
589,139,TEST_GAME_4_EAST_COLUMBUS,1,Bottom,East Wake Academy Varsity Eagles,D Benton,G Simmons,3,1,1,ball,0,0,0,0,0
590,139,TEST_GAME_4_EAST_COLUMBUS,1,Bottom,East Wake Academy Varsity Eagles,D Benton,G Simmons,4,2,1,swinging_strike,0,0,1,1,0
591,139,TEST_GAME_4_EAST_COLUMBUS,1,Bottom,East Wake Academy Varsity Eagles,D Benton,G Simmons,5,2,2,ball,0,1,0,0,0
592,139,TEST_GAME_4_EAST_COLUMBUS,1,Bottom,East Wake Academy Varsity Eagles,D Benton,G Simmons,6,3,2,foul,0,1,1,0,1
593,139,TEST_GAME_4_EAST_COLUMBUS,1,Bottom,East Wake Academy Varsity Eagles,D Benton,G Simmons,7,3,2,foul_tip,0,1,1,0,1
594,139,TEST_GAME_4_EAST_COLUMBUS,1,Bottom,East Wake Academy Varsity Eagles,D Benton,G Simmons,8,3,2,foul_tip,0,1,1,0,1
595,140,TEST_GAME_4_EAST_COLUMBUS,1,Bottom,East Wake Academy Varsity Eagles,J Driver,G Simmons,1,0,0,swinging_strike,1,0,1,1,0
596,140,TEST_GAME_4_EAST_COLUMBUS,1,Bottom,East Wake Academy Varsity Eagles,J Driver,G Simmons,2,0,1,ball,0,0,0,0,0
597,140,TEST_GAME_4_EAST_COLUMBUS,1,Bottom,East Wake Academy Varsity Eagles,J Driver,G Simmons,3,1,1,foul,0,0,1,0,1
598,140,TEST_GAME_4_EAST_COLUMBUS,1,Bottom,East Wake Academy Varsity Eagles,J Driver,G Simmons,4,1,2,ball,0,1,0,0,0
599,140,TEST_GAME_4_EAST_COLUMBUS,1,Bottom,East Wake Academy Varsity Eagles,J Driver,G Simmons,5,2,2,ball,0,1,0,0,0
600,140,TEST_GAME_4_EAST_COLUMBUS,1,Bottom,East Wake Academy Varsity Eagles,J Driver,G Simmons,6,3,2,foul,0,1,1,0,1
601,140,TEST_GAME_4_EAST_COLUMBUS,1,Bottom,East Wake Academy Varsity Eagles,J Driver,G Simmons,7,3,2,foul,0,1,1,0,1
602,140,TEST_GAME_4_EAST_COLUMBUS,1,Bottom,East Wake Academy Varsity Eagles,J Driver,G Simmons,8,3,2,foul,0,1,1,0,1
603,140,TEST_GAME_4_EAST_COLUMBUS,1,Bottom,East Wake Academy Varsity Eagles,J Driver,G Simmons,9,3,2,ball,0,1,0,0,0
604,141,TEST_GAME_4_EAST_COLUMBUS,1,Bottom,East Wake Academy Varsity Eagles,D Palmer,G Simmons,1,0,0,ball,1,0,0,0,0
605,141,TEST_GAME_4_EAST_COLUMBUS,1,Bottom,East Wake Academy Varsity Eagles,D Palmer,G Simmons,2,1,0,ball,0,0,0,0,0
606,141,TEST_GAME_4_EAST_COLUMBUS,1,Bottom,East Wake Academy Varsity Eagles,D Palmer,G Simmons,3,2,0,ball,0,0,0,0,0
607,141,TEST_GAME_4_EAST_COLUMBUS,1,Bottom,East Wake Academy Varsity Eagles,D Palmer,G Simmons,4,3,0,in_play,0,0,1,0,1
608,141,TEST_GAME_4_EAST_COLUMBUS,1,Bottom,East Wake Academy Varsity Eagles,D Palmer,G Simmons,5,3,0,ball,0,0,0,0,0
609,142,TEST_GAME_4_EAST_COLUMBUS,1,Bottom,East Wake Academy Varsity Eagles,W Dixon,G Simmons,1,0,0,ball,1,0,0,0,0
610,142,TEST_GAME_4_EAST_COLUMBUS,1,Bottom,East Wake Academy Varsity Eagles,W Dixon,G Simmons,2,1,0,ball,0,0,0,0,0
611,142,TEST_GAME_4_EAST_COLUMBUS,1,Bottom,East Wake Academy Varsity Eagles,W Dixon,G Simmons,3,2,0,called_strike,0,0,0,0,0
612,142,TEST_GAME_4_EAST_COLUMBUS,1,Bottom,East Wake Academy Varsity Eagles,W Dixon,G Simmons,4,2,1,foul,0,0,1,0,1
613,142,TEST_GAME_4_EAST_COLUMBUS,1,Bottom,East Wake Academy Varsity Eagles,W Dixon,G Simmons,5,2,2,in_play,0,1,1,0,1
614,143,TEST_GAME_4_EAST_COLUMBUS,1,Bottom,East Wake Academy Varsity Eagles,,G Simmons,1,0,0,ball,1,0,0,0,0
615,143,TEST_GAME_4_EAST_COLUMBUS,1,Bottom,East Wake Academy Varsity Eagles,,G Simmons,2,1,0,ball,0,0,0,0,0
616,143,TEST_GAME_4_EAST_COLUMBUS,1,Bottom,East Wake Academy Varsity Eagles,,G Simmons,3,2,0,in_play,0,0,1,0,1
617,144,TEST_GAME_4_EAST_COLUMBUS,1,Bottom,East Wake Academy Varsity Eagles,,G Simmons,1,0,0,ball,1,0,0,0,0
618,144,TEST_GAME_4_EAST_COLUMBUS,1,Bottom,East Wake Academy Varsity Eagles,,G Simmons,2,1,0,foul,0,0,1,0,1
619,144,TEST_GAME_4_EAST_COLUMBUS,1,Bottom,East Wake Academy Varsity Eagles,,G Simmons,3,1,1,called_strike,0,0,0,0,0
620,144,TEST_GAME_4_EAST_COLUMBUS,1,Bottom,East Wake Academy Varsity Eagles,,G Simmons,4,1,2,swinging_strike,0,1,1,1,0
649,152,TEST_GAME_4_EAST_COLUMBUS,2,Bottom,East Wake Academy Varsity Eagles,A Gardner,G Simmons,1,0,0,foul,1,0,1,0,1
650,152,TEST_GAME_4_EAST_COLUMBUS,2,Bottom,East Wake Academy Varsity Eagles,A Gardner,G Simmons,2,0,1,ball,0,0,0,0,0
651,152,TEST_GAME_4_EAST_COLUMBUS,2,Bottom,East Wake Academy Varsity Eagles,A Gardner,G Simmons,3,1,1,in_play,0,0,1,0,1
652,152,TEST_GAME_4_EAST_COLUMBUS,2,Bottom,East Wake Academy Varsity Eagles,A Gardner,G Simmons,4,1,1,ball,0,0,0,0,0
653,153,TEST_GAME_4_EAST_COLUMBUS,2,Bottom,East Wake Academy Varsity Eagles,E Mason,G Simmons,1,0,0,in_play,1,0,1,0,1
654,153,TEST_GAME_4_EAST_COLUMBUS,2,Bottom,East Wake Academy Varsity Eagles,E Mason,G Simmons,2,0,0,ball,0,0,0,0,0
655,154,TEST_GAME_4_EAST_COLUMBUS,2,Bottom,East Wake Academy Varsity Eagles,J Duffield,G Simmons,1,0,0,ball,1,0,0,0,0
656,154,TEST_GAME_4_EAST_COLUMBUS,2,Bottom,East Wake Academy Varsity Eagles,J Duffield,G Simmons,2,1,0,in_play,0,0,1,0,1
657,154,TEST_GAME_4_EAST_COLUMBUS,2,Bottom,East Wake Academy Varsity Eagles,J Duffield,G Simmons,3,1,0,ball,0,0,0,0,0
658,155,TEST_GAME_4_EAST_COLUMBUS,2,Bottom,East Wake Academy Varsity Eagles,D Benton,G Simmons,1,0,0,ball,1,0,0,0,0
659,155,TEST_GAME_4_EAST_COLUMBUS,2,Bottom,East Wake Academy Varsity Eagles,D Benton,G Simmons,2,1,0,foul,0,0,1,0,1
660,155,TEST_GAME_4_EAST_COLUMBUS,2,Bottom,East Wake Academy Varsity Eagles,D Benton,G Simmons,3,1,1,ball,0,0,0,0,0
661,155,TEST_GAME_4_EAST_COLUMBUS,2,Bottom,East Wake Academy Varsity Eagles,D Benton,G Simmons,4,2,1,ball,0,0,0,0,0
662,155,TEST_GAME_4_EAST_COLUMBUS,2,Bottom,East Wake Academy Varsity Eagles,D Benton,G Simmons,5,3,1,ball,0,0,0,0,0
663,156,TEST_GAME_4_EAST_COLUMBUS,2,Bottom,East Wake Academy Varsity Eagles,J Driver,G Simmons,1,0,0,ball,1,0,0,0,0
664,156,TEST_GAME_4_EAST_COLUMBUS,2,Bottom,East Wake Academy Varsity Eagles,J Driver,G Simmons,2,1,0,foul,0,0,1,0,1
665,156,TEST_GAME_4_EAST_COLUMBUS,2,Bottom,East Wake Academy Varsity Eagles,J Driver,G Simmons,3,1,1,foul,0,0,1,0,1
666,156,TEST_GAME_4_EAST_COLUMBUS,2,Bottom,East Wake Academy Varsity Eagles,J Driver,G Simmons,4,1,2,in_play,0,1,1,0,1
667,157,TEST_GAME_4_EAST_COLUMBUS,2,Bottom,East Wake Academy Varsity Eagles,D Palmer,G Simmons,1,0,0,in_play,1,0,1,0,1
668,157,TEST_GAME_4_EAST_COLUMBUS,2,Bottom,East Wake Academy Varsity Eagles,D Palmer,G Simmons,2,0,0,ball,0,0,0,0,0
669,158,TEST_GAME_4_EAST_COLUMBUS,2,Bottom,East Wake Academy Varsity Eagles,W Dixon,G Simmons,1,0,0,ball,1,0,0,0,0
670,158,TEST_GAME_4_EAST_COLUMBUS,2,Bottom,East Wake Academy Varsity Eagles,W Dixon,G Simmons,2,1,0,foul,0,0,1,0,1
671,158,TEST_GAME_4_EAST_COLUMBUS,2,Bottom,East Wake Academy Varsity Eagles,W Dixon,G Simmons,3,1,1,foul,0,0,1,0,1
672,158,TEST_GAME_4_EAST_COLUMBUS,2,Bottom,East Wake Academy Varsity Eagles,W Dixon,G Simmons,4,1,2,swinging_strike,0,1,1,1,0
673,159,TEST_GAME_4_EAST_COLUMBUS,2,Bottom,East Wake Academy Varsity Eagles,,G Simmons,1,0,0,called_strike,1,0,0,0,0
674,159,TEST_GAME_4_EAST_COLUMBUS,2,Bottom,East Wake Academy Varsity Eagles,,G Simmons,2,0,1,foul,0,0,1,0,1
675,159,TEST_GAME_4_EAST_COLUMBUS,2,Bottom,East Wake Academy Varsity Eagles,,G Simmons,3,0,2,in_play,0,1,1,0,1
676,159,TEST_GAME_4_EAST_COLUMBUS,2,Bottom,East Wake Academy Varsity Eagles,,G Simmons,4,0,2,ball,0,1,0,0,0
677,160,TEST_GAME_4_EAST_COLUMBUS,2,Bottom,East Wake Academy Varsity Eagles,,G Simmons,1,0,0,foul,1,0,1,0,1
678,160,TEST_GAME_4_EAST_COLUMBUS,2,Bottom,East Wake Academy Varsity Eagles,,G Simmons,2,0,1,foul,0,0,1,0,1
679,160,TEST_GAME_4_EAST_COLUMBUS,2,Bottom,East Wake Academy Varsity Eagles,,G Simmons,3,0,2,in_play,0,1,1,0,1
680,161,TEST_GAME_4_EAST_COLUMBUS,2,Bottom,East Wake Academy Varsity Eagles,,G Simmons,1,0,0,ball,1,0,0,0,0
681,161,TEST_GAME_4_EAST_COLUMBUS,2,Bottom,East Wake Academy Varsity Eagles,,G Simmons,2,1,0,swinging_strike,0,0,1,1,0
682,161,TEST_GAME_4_EAST_COLUMBUS,2,Bottom,East Wake Academy Varsity Eagles,,G Simmons,3,1,1,in_play,0,0,1,0,1
721,169,TEST_GAME_4_EAST_COLUMBUS,3,Bottom,East Wake Academy Varsity Eagles,E Mason,G Simmons,1,0,0,ball,1,0,0,0,0
722,169,TEST_GAME_4_EAST_COLUMBUS,3,Bottom,East Wake Academy Varsity Eagles,E Mason,G Simmons,2,1,0,ball,0,0,0,0,0
723,169,TEST_GAME_4_EAST_COLUMBUS,3,Bottom,East Wake Academy Varsity Eagles,E Mason,G Simmons,3,2,0,ball,0,0,0,0,0
724,169,TEST_GAME_4_EAST_COLUMBUS,3,Bottom,East Wake Academy Varsity Eagles,E Mason,G Simmons,4,3,0,called_strike,0,0,0,0,0
725,169,TEST_GAME_4_EAST_COLUMBUS,3,Bottom,East Wake Academy Varsity Eagles,E Mason,G Simmons,5,3,1,called_strike,0,0,0,0,0
726,169,TEST_GAME_4_EAST_COLUMBUS,3,Bottom,East Wake Academy Varsity Eagles,E Mason,G Simmons,6,3,2,ball,0,1,0,0,0
727,170,TEST_GAME_4_EAST_COLUMBUS,3,Bottom,East Wake Academy Varsity Eagles,,G Simmons,1,0,0,ball,1,0,0,0,0
728,170,TEST_GAME_4_EAST_COLUMBUS,3,Bottom,East Wake Academy Varsity Eagles,,G Simmons,2,1,0,called_strike,0,0,0,0,0
729,170,TEST_GAME_4_EAST_COLUMBUS,3,Bottom,East Wake Academy Varsity Eagles,,G Simmons,3,1,1,swinging_strike,0,0,1,1,0
730,170,TEST_GAME_4_EAST_COLUMBUS,3,Bottom,East Wake Academy Varsity Eagles,,G Simmons,4,1,2,ball,0,1,0,0,0
731,170,TEST_GAME_4_EAST_COLUMBUS,3,Bottom,East Wake Academy Varsity Eagles,,G Simmons,5,2,2,ball,0,1,0,0,0
732,170,TEST_GAME_4_EAST_COLUMBUS,3,Bottom,East Wake Academy Varsity Eagles,,G Simmons,6,3,2,ball,0,1,0,0,0
733,170,TEST_GAME_4_EAST_COLUMBUS,3,Bottom,East Wake Academy Varsity Eagles,,G Simmons,7,4,2,in_play,0,1,1,0,1
734,171,TEST_GAME_4_EAST_COLUMBUS,3,Bottom,East Wake Academy Varsity Eagles,D Benton,G Simmons,1,0,0,ball,1,0,0,0,0
735,171,TEST_GAME_4_EAST_COLUMBUS,3,Bottom,East Wake Academy Varsity Eagles,D Benton,G Simmons,2,1,0,ball,0,0,0,0,0
736,171,TEST_GAME_4_EAST_COLUMBUS,3,Bottom,East Wake Academy Varsity Eagles,D Benton,G Simmons,3,2,0,swinging_strike,0,0,1,1,0
737,171,TEST_GAME_4_EAST_COLUMBUS,3,Bottom,East Wake Academy Varsity Eagles,D Benton,G Simmons,4,2,1,called_strike,0,0,0,0,0
738,171,TEST_GAME_4_EAST_COLUMBUS,3,Bottom,East Wake Academy Varsity Eagles,D Benton,G Simmons,5,2,2,swinging_strike,0,1,1,1,0
739,172,TEST_GAME_4_EAST_COLUMBUS,3,Bottom,East Wake Academy Varsity Eagles,,G Simmons,1,0,0,ball,1,0,0,0,0
740,172,TEST_GAME_4_EAST_COLUMBUS,3,Bottom,East Wake Academy Varsity Eagles,,G Simmons,2,1,0,ball,0,0,0,0,0
741,173,TEST_GAME_4_EAST_COLUMBUS,3,Bottom,East Wake Academy Varsity Eagles,D Palmer,G Simmons,1,0,0,called_strike,1,0,0,0,0
742,173,TEST_GAME_4_EAST_COLUMBUS,3,Bottom,East Wake Academy Varsity Eagles,D Palmer,G Simmons,2,0,1,ball,0,0,0,0,0
743,173,TEST_GAME_4_EAST_COLUMBUS,3,Bottom,East Wake Academy Varsity Eagles,D Palmer,G Simmons,3,1,1,ball,0,0,0,0,0
744,173,TEST_GAME_4_EAST_COLUMBUS,3,Bottom,East Wake Academy Varsity Eagles,D Palmer,G Simmons,4,2,1,ball,0,0,0,0,0
745,173,TEST_GAME_4_EAST_COLUMBUS,3,Bottom,East Wake Academy Varsity Eagles,D Palmer,G Simmons,5,3,1,ball,0,0,0,0,0
746,174,TEST_GAME_4_EAST_COLUMBUS,3,Bottom,East Wake Academy Varsity Eagles,W Dixon,G Simmons,1,0,0,called_strike,1,0,0,0,0
747,174,TEST_GAME_4_EAST_COLUMBUS,3,Bottom,East Wake Academy Varsity Eagles,W Dixon,G Simmons,2,0,1,ball,0,0,0,0,0
748,174,TEST_GAME_4_EAST_COLUMBUS,3,Bottom,East Wake Academy Varsity Eagles,W Dixon,G Simmons,3,1,1,swinging_strike,0,0,1,1,0
749,174,TEST_GAME_4_EAST_COLUMBUS,3,Bottom,East Wake Academy Varsity Eagles,W Dixon,G Simmons,4,1,2,swinging_strike,0,1,1,1,0
765,179,TEST_GAME_4_EAST_COLUMBUS,4,Bottom,East Wake Academy Varsity Eagles,R Johnston,G Simmons,1,0,0,called_strike,1,0,0,0,0
766,179,TEST_GAME_4_EAST_COLUMBUS,4,Bottom,East Wake Academy Varsity Eagles,R Johnston,G Simmons,2,0,1,called_strike,0,0,0,0,0
767,179,TEST_GAME_4_EAST_COLUMBUS,4,Bottom,East Wake Academy Varsity Eagles,R Johnston,G Simmons,3,0,2,foul,0,1,1,0,1
768,179,TEST_GAME_4_EAST_COLUMBUS,4,Bottom,East Wake Academy Varsity Eagles,R Johnston,G Simmons,4,0,2,ball,0,1,0,0,0
769,179,TEST_GAME_4_EAST_COLUMBUS,4,Bottom,East Wake Academy Varsity Eagles,R Johnston,G Simmons,5,1,2,ball,0,1,0,0,0
770,179,TEST_GAME_4_EAST_COLUMBUS,4,Bottom,East Wake Academy Varsity Eagles,R Johnston,G Simmons,6,2,2,called_strike,0,1,0,0,0
771,180,TEST_GAME_4_EAST_COLUMBUS,4,Bottom,East Wake Academy Varsity Eagles,L Collier,G Simmons,1,0,0,swinging_strike,1,0,1,1,0
772,180,TEST_GAME_4_EAST_COLUMBUS,4,Bottom,East Wake Academy Varsity Eagles,L Collier,G Simmons,2,0,1,called_strike,0,0,0,0,0
773,180,TEST_GAME_4_EAST_COLUMBUS,4,Bottom,East Wake Academy Varsity Eagles,L Collier,G Simmons,3,0,2,called_strike,0,1,0,0,0
774,181,TEST_GAME_4_EAST_COLUMBUS,4,Bottom,East Wake Academy Varsity Eagles,A Gardner,G Simmons,1,0,0,ball,1,0,0,0,0
775,181,TEST_GAME_4_EAST_COLUMBUS,4,Bottom,East Wake Academy Varsity Eagles,A Gardner,G Simmons,2,1,0,called_strike,0,0,0,0,0
776,181,TEST_GAME_4_EAST_COLUMBUS,4,Bottom,East Wake Academy Varsity Eagles,A Gardner,G Simmons,3,1,1,swinging_strike,0,0,1,1,0
777,181,TEST_GAME_4_EAST_COLUMBUS,4,Bottom,East Wake Academy Varsity Eagles,A Gardner,G Simmons,4,1,2,ball,0,1,0,0,0
778,181,TEST_GAME_4_EAST_COLUMBUS,4,Bottom,East Wake Academy Varsity Eagles,A Gardner,G Simmons,5,2,2,swinging_strike,0,1,1,1,0
798,188,TEST_GAME_4_EAST_COLUMBUS,5,Bottom,East Wake Academy Varsity Eagles,E Mason,M Brantley,1,0,0,ball,1,0,0,0,0
799,188,TEST_GAME_4_EAST_COLUMBUS,5,Bottom,East Wake Academy Varsity Eagles,E Mason,M Brantley,2,1,0,foul,0,0,1,0,1
800,188,TEST_GAME_4_EAST_COLUMBUS,5,Bottom,East Wake Academy Varsity Eagles,E Mason,M Brantley,3,1,1,called_strike,0,0,0,0,0
801,188,TEST_GAME_4_EAST_COLUMBUS,5,Bottom,East Wake Academy Varsity Eagles,E Mason,M Brantley,4,1,2,ball,0,1,0,0,0
802,188,TEST_GAME_4_EAST_COLUMBUS,5,Bottom,East Wake Academy Varsity Eagles,E Mason,M Brantley,5,2,2,ball,0,1,0,0,0
803,188,TEST_GAME_4_EAST_COLUMBUS,5,Bottom,East Wake Academy Varsity Eagles,E Mason,M Brantley,6,3,2,swinging_strike,0,1,1,1,0
804,189,TEST_GAME_4_EAST_COLUMBUS,5,Bottom,East Wake Academy Varsity Eagles,J Duffield,M Brantley,1,0,0,ball,1,0,0,0,0
805,189,TEST_GAME_4_EAST_COLUMBUS,5,Bottom,East Wake Academy Varsity Eagles,J Duffield,M Brantley,2,1,0,swinging_strike,0,0,1,1,0
806,189,TEST_GAME_4_EAST_COLUMBUS,5,Bottom,East Wake Academy Varsity Eagles,J Duffield,M Brantley,3,1,1,in_play,0,0,1,0,1
807,189,TEST_GAME_4_EAST_COLUMBUS,5,Bottom,East Wake Academy Varsity Eagles,J Duffield,M Brantley,4,1,1,ball,0,0,0,0,0
808,190,TEST_GAME_4_EAST_COLUMBUS,5,Bottom,East Wake Academy Varsity Eagles,D Benton,M Brantley,1,0,0,ball,1,0,0,0,0
809,190,TEST_GAME_4_EAST_COLUMBUS,5,Bottom,East Wake Academy Varsity Eagles,D Benton,M Brantley,2,1,0,in_play,0,0,1,0,1
810,191,TEST_GAME_4_EAST_COLUMBUS,5,Bottom,East Wake Academy Varsity Eagles,,M Brantley,1,0,0,ball,1,0,0,0,0
811,191,TEST_GAME_4_EAST_COLUMBUS,5,Bottom,East Wake Academy Varsity Eagles,,M Brantley,2,1,0,called_strike,0,0,0,0,0
812,191,TEST_GAME_4_EAST_COLUMBUS,5,Bottom,East Wake Academy Varsity Eagles,,M Brantley,3,1,1,in_play,0,0,1,0,1
813,193,TEST_GAME_4_EAST_COLUMBUS,5,Bottom,East Wake Academy Varsity Eagles,W Dixon,M Brantley,1,0,0,ball,1,0,0,0,0
814,193,TEST_GAME_4_EAST_COLUMBUS,5,Bottom,East Wake Academy Varsity Eagles,W Dixon,M Brantley,2,1,0,called_strike,0,0,0,0,0
815,193,TEST_GAME_4_EAST_COLUMBUS,5,Bottom,East Wake Academy Varsity Eagles,W Dixon,M Brantley,3,1,1,ball,0,0,0,0,0
816,193,TEST_GAME_4_EAST_COLUMBUS,5,Bottom,East Wake Academy Varsity Eagles,W Dixon,M Brantley,4,2,1,called_strike,0,0,0,0,0
817,193,TEST_GAME_4_EAST_COLUMBUS,5,Bottom,East Wake Academy Varsity Eagles,W Dixon,M Brantley,5,2,2,swinging_strike,0,1,1,1,0
833,197,TEST_GAME_4_EAST_COLUMBUS,6,Bottom,East Wake Academy Varsity Eagles,,M Brantley,1,0,0,ball,1,0,0,0,0
834,197,TEST_GAME_4_EAST_COLUMBUS,6,Bottom,East Wake Academy Varsity Eagles,,M Brantley,2,1,0,called_strike,0,0,0,0,0
835,197,TEST_GAME_4_EAST_COLUMBUS,6,Bottom,East Wake Academy Varsity Eagles,,M Brantley,3,1,1,ball,0,0,0,0,0
836,197,TEST_GAME_4_EAST_COLUMBUS,6,Bottom,East Wake Academy Varsity Eagles,,M Brantley,4,2,1,in_play,0,0,1,0,1
837,198,TEST_GAME_4_EAST_COLUMBUS,6,Bottom,East Wake Academy Varsity Eagles,L Collier,M Brantley,1,0,0,ball,1,0,0,0,0
838,198,TEST_GAME_4_EAST_COLUMBUS,6,Bottom,East Wake Academy Varsity Eagles,L Collier,M Brantley,2,1,0,ball,0,0,0,0,0
839,198,TEST_GAME_4_EAST_COLUMBUS,6,Bottom,East Wake Academy Varsity Eagles,L Collier,M Brantley,3,2,0,called_strike,0,0,0,0,0
840,198,TEST_GAME_4_EAST_COLUMBUS,6,Bottom,East Wake Academy Varsity Eagles,L Collier,M Brantley,4,2,1,in_play,0,0,1,0,1
841,199,TEST_GAME_4_EAST_COLUMBUS,6,Bottom,East Wake Academy Varsity Eagles,,M Brantley,1,0,0,in_play,1,0,1,0,1
842,200,TEST_GAME_4_EAST_COLUMBUS,6,Bottom,East Wake Academy Varsity Eagles,,M Brantley,1,0,0,ball,1,0,0,0,0
843,200,TEST_GAME_4_EAST_COLUMBUS,6,Bottom,East Wake Academy Varsity Eagles,,M Brantley,2,1,0,in_play,0,0,1,0,1
868,208,TEST_GAME_4_EAST_COLUMBUS,7,Bottom,East Wake Academy Varsity Eagles,J Duffield,M Brantley,1,0,0,called_strike,1,0,0,0,0
869,208,TEST_GAME_4_EAST_COLUMBUS,7,Bottom,East Wake Academy Varsity Eagles,J Duffield,M Brantley,2,0,1,ball,0,0,0,0,0
870,208,TEST_GAME_4_EAST_COLUMBUS,7,Bottom,East Wake Academy Varsity Eagles,J Duffield,M Brantley,3,1,1,called_strike,0,0,0,0,0
871,208,TEST_GAME_4_EAST_COLUMBUS,7,Bottom,East Wake Academy Varsity Eagles,J Duffield,M Brantley,4,1,2,called_strike,0,1,0,0,0
872,209,TEST_GAME_4_EAST_COLUMBUS,7,Bottom,East Wake Academy Varsity Eagles,D Benton,M Brantley,1,0,0,called_strike,1,0,0,0,0
873,209,TEST_GAME_4_EAST_COLUMBUS,7,Bottom,East Wake Academy Varsity Eagles,D Benton,M Brantley,2,0,1,ball,0,0,0,0,0
874,209,TEST_GAME_4_EAST_COLUMBUS,7,Bottom,East Wake Academy Varsity Eagles,D Benton,M Brantley,3,1,1,foul,0,0,1,0,1
875,209,TEST_GAME_4_EAST_COLUMBUS,7,Bottom,East Wake Academy Varsity Eagles,D Benton,M Brantley,4,1,2,ball,0,1,0,0,0
876,209,TEST_GAME_4_EAST_COLUMBUS,7,Bottom,East Wake Academy Varsity Eagles,D Benton,M Brantley,5,2,2,foul,0,1,1,0,1
877,209,TEST_GAME_4_EAST_COLUMBUS,7,Bottom,East Wake Academy Varsity Eagles,D Benton,M Brantley,6,2,2,in_play,0,1,1,0,1
878,209,TEST_GAME_4_EAST_COLUMBUS,7,Bottom,East Wake Academy Varsity Eagles,D Benton,M Brantley,7,2,2,ball,0,1,0,0,0
879,210,TEST_GAME_4_EAST_COLUMBUS,7,Bottom,East Wake Academy Varsity Eagles,J Driver,M Brantley,1,0,0,ball,1,0,0,0,0
880,210,TEST_GAME_4_EAST_COLUMBUS,7,Bottom,East Wake Academy Varsity Eagles,J Driver,M Brantley,2,1,0,in_play,0,0,1,0,1
881,210,TEST_GAME_4_EAST_COLUMBUS,7,Bottom,East Wake Academy Varsity Eagles,J Driver,M Brantley,3,1,0,ball,0,0,0,0,0
882,211,TEST_GAME_4_EAST_COLUMBUS,7,Bottom,East Wake Academy Varsity Eagles,D Palmer,K Bowen,1,0,0,ball,1,0,0,0,0
883,212,TEST_GAME_4_EAST_COLUMBUS,7,Bottom,East Wake Academy Varsity Eagles,W Dixon,K Bowen,1,0,0,ball,1,0,0,0,0
884,212,TEST_GAME_4_EAST_COLUMBUS,7,Bottom,East Wake Academy Varsity Eagles,W Dixon,K Bowen,2,1,0,ball,0,0,0,0,0
885,212,TEST_GAME_4_EAST_COLUMBUS,7,Bottom,East Wake Academy Varsity Eagles,W Dixon,K Bowen,3,2,0,ball,0,0,0,0,0
886,212,TEST_GAME_4_EAST_COLUMBUS,7,Bottom,East Wake Academy Varsity Eagles,W Dixon,K Bowen,4,3,0,ball,0,0,0,0,0
887,213,TEST_GAME_4_EAST_COLUMBUS,7,Bottom,East Wake Academy Varsity Eagles,,K Bowen,1,0,0,called_strike,1,0,0,0,0
888,213,TEST_GAME_4_EAST_COLUMBUS,7,Bottom,East Wake Academy Varsity Eagles,,K Bowen,2,0,1,in_play,0,0,1,0,1
889,214,TEST_GAME_4_EAST_COLUMBUS,7,Bottom,East Wake Academy Varsity Eagles,,K Bowen,1,0,0,in_play,1,0,1,0,1
905,220,TEST_GAME_4_EAST_COLUMBUS,8,Bottom,East Wake Academy Varsity Eagles,A Gardner,L Collier,1,0,0,called_strike,1,0,0,0,0
906,220,TEST_GAME_4_EAST_COLUMBUS,8,Bottom,East Wake Academy Varsity Eagles,A Gardner,L Collier,2,0,1,ball,0,0,0,0,0
907,220,TEST_GAME_4_EAST_COLUMBUS,8,Bottom,East Wake Academy Varsity Eagles,A Gardner,L Collier,3,1,1,ball,0,0,0,0,0
908,220,TEST_GAME_4_EAST_COLUMBUS,8,Bottom,East Wake Academy Varsity Eagles,A Gardner,L Collier,4,2,1,ball,0,0,0,0,0
909,220,TEST_GAME_4_EAST_COLUMBUS,8,Bottom,East Wake Academy Varsity Eagles,A Gardner,L Collier,5,3,1,called_strike,0,0,0,0,0
910,220,TEST_GAME_4_EAST_COLUMBUS,8,Bottom,East Wake Academy Varsity Eagles,A Gardner,L Collier,6,3,2,called_strike,0,1,0,0,0
911,221,TEST_GAME_4_EAST_COLUMBUS,8,Bottom,East Wake Academy Varsity Eagles,E Mason,L Collier,1,0,0,ball,1,0,0,0,0
912,221,TEST_GAME_4_EAST_COLUMBUS,8,Bottom,East Wake Academy Varsity Eagles,E Mason,L Collier,2,1,0,called_strike,0,0,0,0,0
913,221,TEST_GAME_4_EAST_COLUMBUS,8,Bottom,East Wake Academy Varsity Eagles,E Mason,L Collier,3,1,1,ball,0,0,0,0,0
914,221,TEST_GAME_4_EAST_COLUMBUS,8,Bottom,East Wake Academy Varsity Eagles,E Mason,L Collier,4,2,1,ball,0,0,0,0,0
915,221,TEST_GAME_4_EAST_COLUMBUS,8,Bottom,East Wake Academy Varsity Eagles,E Mason,L Collier,5,3,1,ball,0,0,0,0,0
916,222,TEST_GAME_4_EAST_COLUMBUS,8,Bottom,East Wake Academy Varsity Eagles,J Duffield,L Collier,1,0,0,ball,1,0,0,0,0
917,222,TEST_GAME_4_EAST_COLUMBUS,8,Bottom,East Wake Academy Varsity Eagles,J Duffield,L Collier,2,1,0,called_strike,0,0,0,0,0
918,222,TEST_GAME_4_EAST_COLUMBUS,8,Bottom,East Wake Academy Varsity Eagles,J Duffield,L Collier,3,1,1,ball,0,0,0,0,0
919,222,TEST_GAME_4_EAST_COLUMBUS,8,Bottom,East Wake Academy Varsity Eagles,J Duffield,L Collier,4,2,1,in_play,0,0,1,0,1
920,223,TEST_GAME_4_EAST_COLUMBUS,8,Bottom,East Wake Academy Varsity Eagles,,L Collier,1,0,0,in_play,1,0,1,0,1
921,223,TEST_GAME_4_EAST_COLUMBUS,8,Bottom,East Wake Academy Varsity Eagles,,L Collier,2,0,0,foul,0,0,1,0,1
931,227,TEST_VS_FALLS_LAKE3,1,Bottom,East Wake Academy Varsity Eagles,D Benton,,1,0,0,ball,1,0,0,0,0
932,227,TEST_VS_FALLS_LAKE3,1,Bottom,East Wake Academy Varsity Eagles,D Benton,,2,1,0,called_strike,0,0,0,0,0
933,227,TEST_VS_FALLS_LAKE3,1,Bottom,East Wake Academy Varsity Eagles,D Benton,,3,1,1,in_play,0,0,1,0,1
934,227,TEST_VS_FALLS_LAKE3,1,Bottom,East Wake Academy Varsity Eagles,D Benton,,4,1,1,ball,0,0,0,0,0
935,228,TEST_VS_FALLS_LAKE3,1,Bottom,East Wake Academy Varsity Eagles,J Driver,,1,0,0,swinging_strike,1,0,1,1,0
936,228,TEST_VS_FALLS_LAKE3,1,Bottom,East Wake Academy Varsity Eagles,J Driver,,2,0,1,ball,0,0,0,0,0
937,228,TEST_VS_FALLS_LAKE3,1,Bottom,East Wake Academy Varsity Eagles,J Driver,,3,1,1,ball,0,0,0,0,0
938,228,TEST_VS_FALLS_LAKE3,1,Bottom,East Wake Academy Varsity Eagles,J Driver,,4,2,1,ball,0,0,0,0,0
939,228,TEST_VS_FALLS_LAKE3,1,Bottom,East Wake Academy Varsity Eagles,J Driver,,5,3,1,called_strike,0,0,0,0,0
940,228,TEST_VS_FALLS_LAKE3,1,Bottom,East Wake Academy Varsity Eagles,J Driver,,6,3,2,ball,0,1,0,0,0
941,229,TEST_VS_FALLS_LAKE3,1,Bottom,East Wake Academy Varsity Eagles,D Palmer,,1,0,0,ball,1,0,0,0,0
942,229,TEST_VS_FALLS_LAKE3,1,Bottom,East Wake Academy Varsity Eagles,D Palmer,,2,1,0,foul,0,0,1,0,1
943,229,TEST_VS_FALLS_LAKE3,1,Bottom,East Wake Academy Varsity Eagles,D Palmer,,3,1,1,ball,0,0,0,0,0
944,229,TEST_VS_FALLS_LAKE3,1,Bottom,East Wake Academy Varsity Eagles,D Palmer,,4,2,1,ball,0,0,0,0,0
945,229,TEST_VS_FALLS_LAKE3,1,Bottom,East Wake Academy Varsity Eagles,D Palmer,,5,3,1,called_strike,0,0,0,0,0
946,229,TEST_VS_FALLS_LAKE3,1,Bottom,East Wake Academy Varsity Eagles,D Palmer,,6,3,2,called_strike,0,1,0,0,0
947,230,TEST_VS_FALLS_LAKE3,1,Bottom,East Wake Academy Varsity Eagles,,,1,0,0,ball,1,0,0,0,0
948,230,TEST_VS_FALLS_LAKE3,1,Bottom,East Wake Academy Varsity Eagles,,,2,1,0,called_strike,0,0,0,0,0
949,230,TEST_VS_FALLS_LAKE3,1,Bottom,East Wake Academy Varsity Eagles,,,3,1,1,foul,0,0,1,0,1
950,230,TEST_VS_FALLS_LAKE3,1,Bottom,East Wake Academy Varsity Eagles,,,4,1,2,foul,0,1,1,0,1
951,230,TEST_VS_FALLS_LAKE3,1,Bottom,East Wake Academy Varsity Eagles,,,5,1,2,in_play,0,1,1,0,1
952,231,TEST_VS_FALLS_LAKE3,1,Bottom,East Wake Academy Varsity Eagles,,,1,0,0,called_strike,1,0,0,0,0
953,231,TEST_VS_FALLS_LAKE3,1,Bottom,East Wake Academy Varsity Eagles,,,2,0,1,ball,0,0,0,0,0
954,231,TEST_VS_FALLS_LAKE3,1,Bottom,East Wake Academy Varsity Eagles,,,3,1,1,ball,0,0,0,0,0
955,231,TEST_VS_FALLS_LAKE3,1,Bottom,East Wake Academy Varsity Eagles,,,4,2,1,called_strike,0,0,0,0,0
956,231,TEST_VS_FALLS_LAKE3,1,Bottom,East Wake Academy Varsity Eagles,,,5,2,2,foul,0,1,1,0,1
957,231,TEST_VS_FALLS_LAKE3,1,Bottom,East Wake Academy Varsity Eagles,,,6,2,2,foul,0,1,1,0,1
958,231,TEST_VS_FALLS_LAKE3,1,Bottom,East Wake Academy Varsity Eagles,,,7,2,2,in_play,0,1,1,0,1
976,236,TEST_VS_FALLS_LAKE3,2,Bottom,East Wake Academy Varsity Eagles,,,1,0,0,ball,1,0,0,0,0
977,236,TEST_VS_FALLS_LAKE3,2,Bottom,East Wake Academy Varsity Eagles,,,2,1,0,foul,0,0,1,0,1
978,236,TEST_VS_FALLS_LAKE3,2,Bottom,East Wake Academy Varsity Eagles,,,3,1,1,called_strike,0,0,0,0,0
979,236,TEST_VS_FALLS_LAKE3,2,Bottom,East Wake Academy Varsity Eagles,,,4,1,2,foul,0,1,1,0,1
980,236,TEST_VS_FALLS_LAKE3,2,Bottom,East Wake Academy Varsity Eagles,,,5,1,2,swinging_strike,0,1,1,1,0
981,237,TEST_VS_FALLS_LAKE3,2,Bottom,East Wake Academy Varsity Eagles,L Collier,,1,0,0,ball,1,0,0,0,0
982,237,TEST_VS_FALLS_LAKE3,2,Bottom,East Wake Academy Varsity Eagles,L Collier,,2,1,0,ball,0,0,0,0,0
983,237,TEST_VS_FALLS_LAKE3,2,Bottom,East Wake Academy Varsity Eagles,L Collier,,3,2,0,foul,0,0,1,0,1
984,237,TEST_VS_FALLS_LAKE3,2,Bottom,East Wake Academy Varsity Eagles,L Collier,,4,2,1,foul,0,0,1,0,1
985,237,TEST_VS_FALLS_LAKE3,2,Bottom,East Wake Academy Varsity Eagles,L Collier,,5,2,2,ball,0,1,0,0,0
986,237,TEST_VS_FALLS_LAKE3,2,Bottom,East Wake Academy Varsity Eagles,L Collier,,6,3,2,ball,0,1,0,0,0
987,238,TEST_VS_FALLS_LAKE3,2,Bottom,East Wake Academy Varsity Eagles,A Gardner,,1,0,0,called_strike,1,0,0,0,0
988,238,TEST_VS_FALLS_LAKE3,2,Bottom,East Wake Academy Varsity Eagles,A Gardner,,2,0,1,ball,0,0,0,0,0
989,238,TEST_VS_FALLS_LAKE3,2,Bottom,East Wake Academy Varsity Eagles,A Gardner,,3,1,1,ball,0,0,0,0,0
990,238,TEST_VS_FALLS_LAKE3,2,Bottom,East Wake Academy Varsity Eagles,A Gardner,,4,2,1,ball,0,0,0,0,0
991,238,TEST_VS_FALLS_LAKE3,2,Bottom,East Wake Academy Varsity Eagles,A Gardner,,5,3,1,ball,0,0,0,0,0
992,238,TEST_VS_FALLS_LAKE3,2,Bottom,East Wake Academy Varsity Eagles,A Gardner,,6,4,1,ball,0,0,0,0,0
993,239,TEST_VS_FALLS_LAKE3,2,Bottom,East Wake Academy Varsity Eagles,J Duffield,,1,0,0,called_strike,1,0,0,0,0
994,239,TEST_VS_FALLS_LAKE3,2,Bottom,East Wake Academy Varsity Eagles,J Duffield,,2,0,1,ball,0,0,0,0,0
995,239,TEST_VS_FALLS_LAKE3,2,Bottom,East Wake Academy Varsity Eagles,J Duffield,,3,1,1,ball,0,0,0,0,0
996,239,TEST_VS_FALLS_LAKE3,2,Bottom,East Wake Academy Varsity Eagles,J Duffield,,4,2,1,called_strike,0,0,0,0,0
997,239,TEST_VS_FALLS_LAKE3,2,Bottom,East Wake Academy Varsity Eagles,J Duffield,,5,2,2,ball,0,1,0,0,0
998,239,TEST_VS_FALLS_LAKE3,2,Bottom,East Wake Academy Varsity Eagles,J Duffield,,6,3,2,ball,0,1,0,0,0
999,240,TEST_VS_FALLS_LAKE3,2,Bottom,East Wake Academy Varsity Eagles,,,1,0,0,ball,1,0,0,0,0
1000,240,TEST_VS_FALLS_LAKE3,2,Bottom,East Wake Academy Varsity Eagles,,,2,1,0,ball,0,0,0,0,0
1001,240,TEST_VS_FALLS_LAKE3,2,Bottom,East Wake Academy Varsity Eagles,,,3,2,0,ball,0,0,0,0,0
1002,240,TEST_VS_FALLS_LAKE3,2,Bottom,East Wake Academy Varsity Eagles,,,4,3,0,called_strike,0,0,0,0,0
1003,240,TEST_VS_FALLS_LAKE3,2,Bottom,East Wake Academy Varsity Eagles,,,5,3,1,in_play,0,0,1,0,1
1004,241,TEST_VS_FALLS_LAKE3,2,Bottom,East Wake Academy Varsity Eagles,,,1,0,0,called_strike,1,0,0,0,0
1005,241,TEST_VS_FALLS_LAKE3,2,Bottom,East Wake Academy Varsity Eagles,,,2,0,1,in_play,0,0,1,0,1
1015,245,TEST_VS_FALLS_LAKE3,3,Bottom,East Wake Academy Varsity Eagles,,,1,0,0,ball,1,0,0,0,0
1016,245,TEST_VS_FALLS_LAKE3,3,Bottom,East Wake Academy Varsity Eagles,,,2,1,0,ball,0,0,0,0,0
1017,245,TEST_VS_FALLS_LAKE3,3,Bottom,East Wake Academy Varsity Eagles,,,3,2,0,in_play,0,0,1,0,1
1018,246,TEST_VS_FALLS_LAKE3,3,Bottom,East Wake Academy Varsity Eagles,W Dixon,,1,0,0,ball,1,0,0,0,0
1019,246,TEST_VS_FALLS_LAKE3,3,Bottom,East Wake Academy Varsity Eagles,W Dixon,,2,1,0,ball,0,0,0,0,0
1020,246,TEST_VS_FALLS_LAKE3,3,Bottom,East Wake Academy Varsity Eagles,W Dixon,,3,2,0,ball,0,0,0,0,0
1021,246,TEST_VS_FALLS_LAKE3,3,Bottom,East Wake Academy Varsity Eagles,W Dixon,,4,3,0,called_strike,0,0,0,0,0
1022,246,TEST_VS_FALLS_LAKE3,3,Bottom,East Wake Academy Varsity Eagles,W Dixon,,5,3,1,called_strike,0,0,0,0,0
1023,246,TEST_VS_FALLS_LAKE3,3,Bottom,East Wake Academy Varsity Eagles,W Dixon,,6,3,2,ball,0,1,0,0,0
1024,247,TEST_VS_FALLS_LAKE3,3,Bottom,East Wake Academy Varsity Eagles,,,1,0,0,ball,1,0,0,0,0
1025,247,TEST_VS_FALLS_LAKE3,3,Bottom,East Wake Academy Varsity Eagles,,,2,1,0,foul,0,0,1,0,1
1026,247,TEST_VS_FALLS_LAKE3,3,Bottom,East Wake Academy Varsity Eagles,,,3,1,1,foul,0,0,1,0,1
1027,247,TEST_VS_FALLS_LAKE3,3,Bottom,East Wake Academy Varsity Eagles,,,4,1,2,in_play,0,1,1,0,1
1028,248,TEST_VS_FALLS_LAKE3,3,Bottom,East Wake Academy Varsity Eagles,,,1,0,0,ball,1,0,0,0,0
1029,248,TEST_VS_FALLS_LAKE3,3,Bottom,East Wake Academy Varsity Eagles,,,2,1,0,called_strike,0,0,0,0,0
1030,248,TEST_VS_FALLS_LAKE3,3,Bottom,East Wake Academy Varsity Eagles,,,3,1,1,in_play,0,0,1,0,1
1052,255,TEST_VS_FALLS_LAKE3,4,Bottom,East Wake Academy Varsity Eagles,L Collier,,1,0,0,ball,1,0,0,0,0
1053,255,TEST_VS_FALLS_LAKE3,4,Bottom,East Wake Academy Varsity Eagles,L Collier,,2,1,0,called_strike,0,0,0,0,0
1054,255,TEST_VS_FALLS_LAKE3,4,Bottom,East Wake Academy Varsity Eagles,L Collier,,3,1,1,ball,0,0,0,0,0
1055,255,TEST_VS_FALLS_LAKE3,4,Bottom,East Wake Academy Varsity Eagles,L Collier,,4,2,1,called_strike,0,0,0,0,0
1056,255,TEST_VS_FALLS_LAKE3,4,Bottom,East Wake Academy Varsity Eagles,L Collier,,5,2,2,foul,0,1,1,0,1
1057,255,TEST_VS_FALLS_LAKE3,4,Bottom,East Wake Academy Varsity Eagles,L Collier,,6,2,2,swinging_strike,0,1,1,1,0
1058,256,TEST_VS_FALLS_LAKE3,4,Bottom,East Wake Academy Varsity Eagles,,,1,0,0,in_play,1,0,1,0,1
1059,257,TEST_VS_FALLS_LAKE3,4,Bottom,East Wake Academy Varsity Eagles,J Duffield,,1,0,0,ball,1,0,0,0,0
1060,257,TEST_VS_FALLS_LAKE3,4,Bottom,East Wake Academy Varsity Eagles,J Duffield,,2,1,0,ball,0,0,0,0,0
1061,257,TEST_VS_FALLS_LAKE3,4,Bottom,East Wake Academy Varsity Eagles,J Duffield,,3,2,0,ball,0,0,0,0,0
1062,257,TEST_VS_FALLS_LAKE3,4,Bottom,East Wake Academy Varsity Eagles,J Duffield,,4,3,0,swinging_strike,0,0,1,1,0
1063,257,TEST_VS_FALLS_LAKE3,4,Bottom,East Wake Academy Varsity Eagles,J Duffield,,5,3,1,ball,0,0,0,0,0
1064,258,TEST_VS_FALLS_LAKE3,4,Bottom,East Wake Academy Varsity Eagles,D Benton,,1,0,0,ball,1,0,0,0,0
1065,258,TEST_VS_FALLS_LAKE3,4,Bottom,East Wake Academy Varsity Eagles,D Benton,,2,1,0,swinging_strike,0,0,1,1,0
1066,258,TEST_VS_FALLS_LAKE3,4,Bottom,East Wake Academy Varsity Eagles,D Benton,,3,1,1,called_strike,0,0,0,0,0
1067,258,TEST_VS_FALLS_LAKE3,4,Bottom,East Wake Academy Varsity Eagles,D Benton,,4,1,2,ball,0,1,0,0,0
1068,258,TEST_VS_FALLS_LAKE3,4,Bottom,East Wake Academy Varsity Eagles,D Benton,,5,2,2,ball,0,1,0,0,0
1069,258,TEST_VS_FALLS_LAKE3,4,Bottom,East Wake Academy Varsity Eagles,D Benton,,6,3,2,ball,0,1,0,0,0
1070,259,TEST_VS_FALLS_LAKE3,4,Bottom,East Wake Academy Varsity Eagles,,,1,0,0,called_strike,1,0,0,0,0
1071,259,TEST_VS_FALLS_LAKE3,4,Bottom,East Wake Academy Varsity Eagles,,,2,0,1,in_play,0,0,1,0,1
1089,263,TEST_VS_FALLS_LAKE3,5,Bottom,East Wake Academy Varsity Eagles,D Palmer,,1,0,0,ball,1,0,0,0,0
1090,263,TEST_VS_FALLS_LAKE3,5,Bottom,East Wake Academy Varsity Eagles,D Palmer,,2,1,0,called_strike,0,0,0,0,0
1091,263,TEST_VS_FALLS_LAKE3,5,Bottom,East Wake Academy Varsity Eagles,D Palmer,,3,1,1,ball,0,0,0,0,0
1092,263,TEST_VS_FALLS_LAKE3,5,Bottom,East Wake Academy Varsity Eagles,D Palmer,,4,2,1,foul,0,0,1,0,1
1093,263,TEST_VS_FALLS_LAKE3,5,Bottom,East Wake Academy Varsity Eagles,D Palmer,,5,2,2,ball,0,1,0,0,0
1094,263,TEST_VS_FALLS_LAKE3,5,Bottom,East Wake Academy Varsity Eagles,D Palmer,,6,3,2,ball,0,1,0,0,0
1095,264,TEST_VS_FALLS_LAKE3,5,Bottom,East Wake Academy Varsity Eagles,W Dixon,,1,0,0,ball,1,0,0,0,0
1096,264,TEST_VS_FALLS_LAKE3,5,Bottom,East Wake Academy Varsity Eagles,W Dixon,,2,1,0,called_strike,0,0,0,0,0
1097,264,TEST_VS_FALLS_LAKE3,5,Bottom,East Wake Academy Varsity Eagles,W Dixon,,3,1,1,ball,0,0,0,0,0
1098,264,TEST_VS_FALLS_LAKE3,5,Bottom,East Wake Academy Varsity Eagles,W Dixon,,4,2,1,ball,0,0,0,0,0
1099,264,TEST_VS_FALLS_LAKE3,5,Bottom,East Wake Academy Varsity Eagles,W Dixon,,5,3,1,ball,0,0,0,0,0
1100,265,TEST_VS_FALLS_LAKE3,5,Bottom,East Wake Academy Varsity Eagles,,,1,0,0,in_play,1,0,1,0,1
1101,265,TEST_VS_FALLS_LAKE3,5,Bottom,East Wake Academy Varsity Eagles,,,2,0,0,ball,0,0,0,0,0
1102,266,TEST_VS_FALLS_LAKE3,5,Bottom,East Wake Academy Varsity Eagles,R Johnston,,1,0,0,ball,1,0,0,0,0
1103,266,TEST_VS_FALLS_LAKE3,5,Bottom,East Wake Academy Varsity Eagles,R Johnston,,2,1,0,called_strike,0,0,0,0,0
1104,266,TEST_VS_FALLS_LAKE3,5,Bottom,East Wake Academy Varsity Eagles,R Johnston,,3,1,1,in_play,0,0,1,0,1
1105,267,TEST_VS_FALLS_LAKE3,5,Bottom,East Wake Academy Varsity Eagles,L Collier,,1,0,0,foul,1,0,1,0,1
1106,267,TEST_VS_FALLS_LAKE3,5,Bottom,East Wake Academy Varsity Eagles,L Collier,,2,0,1,ball,0,0,0,0,0
1107,267,TEST_VS_FALLS_LAKE3,5,Bottom,East Wake Academy Varsity Eagles,L Collier,,3,1,1,ball,0,0,0,0,0
1108,267,TEST_VS_FALLS_LAKE3,5,Bottom,East Wake Academy Varsity Eagles,L Collier,,4,2,1,called_strike,0,0,0,0,0
1109,267,TEST_VS_FALLS_LAKE3,5,Bottom,East Wake Academy Varsity Eagles,L Collier,,5,2,2,ball,0,1,0,0,0
1110,267,TEST_VS_FALLS_LAKE3,5,Bottom,East Wake Academy Varsity Eagles,L Collier,,6,3,2,ball,0,1,0,0,0
1111,268,TEST_VS_FALLS_LAKE3,5,Bottom,East Wake Academy Varsity Eagles,,,1,0,0,ball,1,0,0,0,0
1112,268,TEST_VS_FALLS_LAKE3,5,Bottom,East Wake Academy Varsity Eagles,,,2,1,0,in_play,0,0,1,0,1
1113,268,TEST_VS_FALLS_LAKE3,5,Bottom,East Wake Academy Varsity Eagles,,,3,1,0,ball,0,0,0,0,0
1114,269,TEST_VS_FALLS_LAKE3,5,Bottom,East Wake Academy Varsity Eagles,J Duffield,,1,0,0,called_strike,1,0,0,0,0
1115,269,TEST_VS_FALLS_LAKE3,5,Bottom,East Wake Academy Varsity Eagles,J Duffield,,2,0,1,called_strike,0,0,0,0,0
1116,269,TEST_VS_FALLS_LAKE3,5,Bottom,East Wake Academy Varsity Eagles,J Duffield,,3,0,2,ball,0,1,0,0,0
1117,269,TEST_VS_FALLS_LAKE3,5,Bottom,East Wake Academy Varsity Eagles,J Duffield,,4,1,2,ball,0,1,0,0,0
1118,269,TEST_VS_FALLS_LAKE3,5,Bottom,East Wake Academy Varsity Eagles,J Duffield,,5,2,2,ball,0,1,0,0,0
1119,269,TEST_VS_FALLS_LAKE3,5,Bottom,East Wake Academy Varsity Eagles,J Duffield,,6,3,2,ball,0,1,0,0,0
1120,270,TEST_VS_FALLS_LAKE3,5,Bottom,East Wake Academy Varsity Eagles,D Benton,,1,0,0,swinging_strike,1,0,1,1,0
1121,270,TEST_VS_FALLS_LAKE3,5,Bottom,East Wake Academy Varsity Eagles,D Benton,,2,0,1,in_play,0,0,1,0,1
1122,270,TEST_VS_FALLS_LAKE3,5,Bottom,East Wake Academy Varsity Eagles,D Benton,,3,0,1,ball,0,0,0,0,0
1123,271,TEST_VS_FALLS_LAKE3,5,Bottom,East Wake Academy Varsity Eagles,,,1,0,0,in_play,1,0,1,0,1
1124,272,TEST_VS_FALLS_LAKE3,5,Bottom,East Wake Academy Varsity Eagles,D Palmer,,1,0,0,foul,1,0,1,0,1
1125,272,TEST_VS_FALLS_LAKE3,5,Bottom,East Wake Academy Varsity Eagles,D Palmer,,2,0,1,ball,0,0,0,0,0
1126,272,TEST_VS_FALLS_LAKE3,5,Bottom,East Wake Academy Varsity Eagles,D Palmer,,3,1,1,called_strike,0,0,0,0,0
1127,272,TEST_VS_FALLS_LAKE3,5,Bottom,East Wake Academy Varsity Eagles,D Palmer,,4,1,2,ball,0,1,0,0,0
1128,272,TEST_VS_FALLS_LAKE3,5,Bottom,East Wake Academy Varsity Eagles,D Palmer,,5,2,2,foul,0,1,1,0,1
1129,272,TEST_VS_FALLS_LAKE3,5,Bottom,East Wake Academy Varsity Eagles,D Palmer,,6,2,2,ball,0,1,0,0,0
1130,272,TEST_VS_FALLS_LAKE3,5,Bottom,East Wake Academy Varsity Eagles,D Palmer,,7,3,2,foul,0,1,1,0,1
1131,272,TEST_VS_FALLS_LAKE3,5,Bottom,East Wake Academy Varsity Eagles,D Palmer,,8,3,2,ball,0,1,0,0,0
1132,273,TEST_VS_FALLS_LAKE3,5,Bottom,East Wake Academy Varsity Eagles,,,1,0,0,ball,1,0,0,0,0
1133,273,TEST_VS_FALLS_LAKE3,5,Bottom,East Wake Academy Varsity Eagles,,,2,1,0,called_strike,0,0,0,0,0
1134,273,TEST_VS_FALLS_LAKE3,5,Bottom,East Wake Academy Varsity Eagles,,,3,1,1,swinging_strike,0,0,1,1,0
1135,273,TEST_VS_FALLS_LAKE3,5,Bottom,East Wake Academy Varsity Eagles,,,4,1,2,ball,0,1,0,0,0
1136,273,TEST_VS_FALLS_LAKE3,5,Bottom,East Wake Academy Varsity Eagles,,,5,2,2,ball,0,1,0,0,0
1137,274,TEST_VS_FALLS_LAKE3,5,Bottom,East Wake Academy Varsity Eagles,,,1,0,0,ball,1,0,0,0,0
1138,274,TEST_VS_FALLS_LAKE3,5,Bottom,East Wake Academy Varsity Eagles,,,2,1,0,ball,0,0,0,0,0
1139,274,TEST_VS_FALLS_LAKE3,5,Bottom,East Wake Academy Varsity Eagles,,,3,2,0,called_strike,0,0,0,0,0
1140,274,TEST_VS_FALLS_LAKE3,5,Bottom,East Wake Academy Varsity Eagles,,,4,2,1,ball,0,0,0,0,0
1141,274,TEST_VS_FALLS_LAKE3,5,Bottom,East Wake Academy Varsity Eagles,,,5,3,1,swinging_strike,0,0,1,1,0
1142,274,TEST_VS_FALLS_LAKE3,5,Bottom,East Wake Academy Varsity Eagles,,,6,3,2,in_play,0,1,1,0,1
1143,275,TEST_VS_FALLS_LAKE3,5,Bottom,East Wake Academy Varsity Eagles,R Johnston,,1,0,0,swinging_strike,1,0,1,1,0
1144,275,TEST_VS_FALLS_LAKE3,5,Bottom,East Wake Academy Varsity Eagles,R Johnston,,2,0,1,ball,0,0,0,0,0
1145,275,TEST_VS_FALLS_LAKE3,5,Bottom,East Wake Academy Varsity Eagles,R Johnston,,3,1,1,ball,0,0,0,0,0
1146,275,TEST_VS_FALLS_LAKE3,5,Bottom,East Wake Academy Varsity Eagles,R Johnston,,4,2,1,ball,0,0,0,0,0
1147,275,TEST_VS_FALLS_LAKE3,5,Bottom,East Wake Academy Varsity Eagles,R Johnston,,5,3,1,called_strike,0,0,0,0,0
1148,275,TEST_VS_FALLS_LAKE3,5,Bottom,East Wake Academy Varsity Eagles,R Johnston,,6,3,2,in_play,0,1,1,0,1
